Date,Time,avg(temp),avg(humidity),max(pir),max(nearPir),min(ch1),max(ch1),min(ch2),max(ch2),min(als),max(als),min(tp0),max(tp0),min(tp1),max(tp1),min(tp2),max(tp2),min(tp3),max(tp3)
2020-04-01,00:00,21.71,58.25,26.00,,,,,,2.00,2.00,,,,,,,,
2020-04-01,00:15,,,,,,,,,,,,,,,,,,
2020-04-01,00:30,21.61,57.53,500.00,,,,,,1.00,2.00,,,,,,,,
2020-04-01,00:45,22.03,54.58,402.00,,,,,,2.00,4.00,,,,,,,,
2020-04-01,01:00,22.21,56.14,25.00,,,,,,2.00,2.00,,,,,,,,
2020-04-01,01:15,22.17,56.35,258.00,,,,,,2.00,2.00,,,,,,,,
2020-04-01,01:30,22.05,56.28,236.00,,,,,,2.00,2.00,,,,,,,,
2020-04-01,01:45,,,,,,,,,,,,,,,,,,
2020-04-01,02:00,21.90,55.92,614.00,,,,,,1.00,4.00,,,,,,,,
2020-04-01,02:15,21.80,56.01,439.00,,,,,,2.00,3.00,,,,,,,,
2020-04-01,02:30,21.76,56.40,409.00,,,,,,2.00,4.00,,,,,,,,
2020-04-01,02:45,21.98,54.68,341.00,,,,,,2.00,4.00,,,,,,,,
2020-04-01,03:00,22.34,53.08,230.00,,,,,,2.00,2.00,,,,,,,,
2020-04-01,03:15,22.33,54.10,316.00,,,,,,1.00,2.00,,,,,,,,
2020-04-01,03:30,22.16,54.33,276.00,,,,,,0.00,1.00,,,,,,,,
2020-04-01,03:45,21.90,53.72,299.00,,,,,,0.00,0.00,,,,,,,,
2020-04-01,04:00,21.74,52.69,34.00,,,,,,0.00,0.00,,,,,,,,
2020-04-01,04:15,,,,,,,,,,,,,,,,,,
2020-04-01,04:30,21.56,52.10,102.00,,,,,,0.00,0.00,,,,,,,,
2020-04-01,04:45,21.36,52.42,31.00,,,,,,0.00,0.00,,,,,,,,
2020-04-01,05:00,21.30,52.13,32.00,,,,,,0.00,0.00,,,,,,,,
2020-04-01,05:15,21.11,52.26,22.00,,,,,,0.00,0.00,,,,,,,,
2020-04-01,05:30,21.00,52.36,25.00,,,,,,0.00,0.00,,,,,,,,
2020-04-01,05:45,20.89,52.66,24.00,,,,,,0.00,0.00,,,,,,,,
2020-04-01,06:00,,,,,,,,,,,,,,,,,,
2020-04-01,06:15,20.81,52.48,28.00,,,,,,0.00,0.00,,,,,,,,
2020-04-01,06:30,21.19,50.76,34.00,,,,,,0.00,0.00,,,,,,,,
2020-04-01,06:45,21.00,51.55,23.00,,,,,,0.00,0.00,,,,,,,,
2020-04-01,07:00,20.77,51.70,27.00,,,,,,0.00,0.00,,,,,,,,
2020-04-01,07:15,21.01,50.15,26.00,,,,,,0.00,0.00,,,,,,,,
2020-04-01,07:30,21.14,50.08,24.00,,,,,,0.00,0.00,,,,,,,,
2020-04-01,07:45,20.85,51.08,27.00,,,,,,0.00,0.00,,,,,,,,
2020-04-01,08:00,20.93,50.42,56.00,,,,,,0.00,0.00,,,,,,,,
2020-04-01,08:15,21.15,49.83,28.00,,,,,,0.00,0.00,,,,,,,,
2020-04-01,08:30,20.96,50.38,26.00,,,,,,0.00,0.00,,,,,,,,
2020-04-01,08:45,20.78,50.68,30.00,,,,,,0.00,0.00,,,,,,,,
2020-04-01,09:00,21.06,50.03,24.00,,,,,,0.00,0.00,,,,,,,,
2020-04-01,09:15,21.38,49.02,29.00,,,,,,0.00,0.00,,,,,,,,
2020-04-01,09:30,21.31,49.22,28.00,,,,,,0.00,0.00,,,,,,,,
2020-04-01,09:45,21.02,49.21,24.00,,,,,,0.00,0.00,,,,,,,,
2020-04-01,10:00,,,,,,,,,,,,,,,,,,
2020-04-01,10:15,20.79,49.78,29.00,,,,,,0.00,0.00,,,,,,,,
2020-04-01,10:30,21.09,48.77,28.00,,,,,,0.00,0.00,,,,,,,,
2020-04-01,10:45,21.38,47.78,116.00,,,,,,0.00,0.00,,,,,,,,
2020-04-01,11:00,21.20,48.48,83.00,,,,,,0.00,0.00,,,,,,,,
2020-04-01,11:15,21.29,48.13,30.00,,,,,,0.00,1.00,,,,,,,,
2020-04-01,11:30,21.32,48.09,31.00,,,,,,1.00,2.00,,,,,,,,
2020-04-01,11:45,,,,,,,,,,,,,,,,,,
2020-04-01,12:00,20.97,48.66,24.00,,,,,,2.00,3.00,,,,,,,,
2020-04-01,12:15,,,,,,,,,,,,,,,,,,
2020-04-01,12:30,20.78,49.61,28.00,,,,,,3.00,4.00,,,,,,,,
2020-04-01,12:45,,,,,,,,,,,,,,,,,,
2020-04-01,13:00,20.64,49.81,23.00,,,,,,4.00,10.00,,,,,,,,
2020-04-01,13:15,20.50,50.18,25.00,,,,,,3.00,9.00,,,,,,,,
2020-04-01,13:30,20.73,49.53,379.00,,,,,,4.00,7.00,,,,,,,,
2020-04-01,13:45,21.21,48.35,32.00,,,,,,5.00,11.00,,,,,,,,
2020-04-01,14:00,21.19,49.62,310.00,,,,,,7.00,14.00,,,,,,,,
2020-04-01,14:15,21.06,50.69,514.00,,,,,,5.00,13.00,,,,,,,,
2020-04-01,14:30,20.97,51.46,304.00,,,,,,7.00,11.00,,,,,,,,
2020-04-01,14:45,20.93,51.90,319.00,,,,,,8.00,9.00,,,,,,,,
2020-04-01,15:00,21.03,53.04,529.00,,,,,,7.00,9.00,,,,,,,,
2020-04-01,15:15,21.11,54.53,386.00,,,,,,8.00,10.00,,,,,,,,
2020-04-01,15:30,21.24,55.59,566.00,,,,,,9.00,11.00,,,,,,,,
2020-04-01,15:45,21.48,55.87,405.00,,,,,,8.00,12.00,,,,,,,,
2020-04-01,16:00,21.76,55.97,325.00,,,,,,9.00,9.00,,,,,,,,
2020-04-01,16:15,22.15,55.12,362.00,,,,,,5.00,10.00,,,,,,,,
2020-04-01,16:30,22.52,53.88,309.00,,,,,,6.00,10.00,,,,,,,,
2020-04-01,16:45,22.62,54.44,423.00,,,,,,8.00,11.00,,,,,,,,
2020-04-01,17:00,22.81,54.16,316.00,,,,,,5.00,11.00,,,,,,,,
2020-04-01,17:15,22.86,54.22,338.00,,,,,,5.00,10.00,,,,,,,,
2020-04-01,17:30,22.81,53.79,271.00,,,,,,7.00,11.00,,,,,,,,
2020-04-01,17:45,22.76,54.10,283.00,,,,,,5.00,8.00,,,,,,,,
2020-04-01,18:00,22.67,54.14,481.00,,,,,,5.00,10.00,,,,,,,,
2020-04-01,18:15,22.61,54.46,216.00,,,,,,4.00,9.00,,,,,,,,
2020-04-01,18:30,22.54,54.79,375.00,,,,,,5.00,8.00,,,,,,,,
2020-04-01,18:45,22.47,55.26,163.00,,,,,,7.00,8.00,,,,,,,,
2020-04-01,19:00,22.50,56.52,391.00,,,,,,5.00,10.00,,,,,,,,
2020-04-01,19:15,22.54,56.87,316.00,,,,,,4.00,9.00,,,,,,,,
2020-04-01,19:30,22.55,57.56,311.00,,,,,,4.00,8.00,,,,,,,,
2020-04-01,19:45,22.67,57.92,317.00,,,,,,5.00,9.00,,,,,,,,
2020-04-01,20:00,22.73,58.70,350.00,,,,,,4.00,9.00,,,,,,,,
2020-04-01,20:15,22.85,58.80,357.00,,,,,,3.00,10.00,,,,,,,,
2020-04-01,20:30,22.82,58.29,24.00,,,,,,3.00,10.00,,,,,,,,
2020-04-01,20:45,22.80,57.88,79.00,,,,,,3.00,12.00,,,,,,,,
2020-04-01,21:00,22.76,57.36,306.00,,,,,,3.00,15.00,,,,,,,,
2020-04-01,21:15,22.69,57.15,24.00,,,,,,14.00,14.00,,,,,,,,
2020-04-01,21:30,22.80,56.53,355.00,,,,,,3.00,15.00,,,,,,,,
2020-04-01,21:45,22.69,56.78,308.00,,,,,,7.00,12.00,,,,,,,,
2020-04-01,22:00,22.62,57.09,367.00,,,,,,3.00,9.00,,,,,,,,
2020-04-01,22:15,22.55,57.13,314.00,,,,,,2.00,4.00,,,,,,,,
2020-04-01,22:30,22.48,57.08,64.00,,,,,,2.00,3.00,,,,,,,,
2020-04-01,22:45,,,,,,,,,,,,,,,,,,
2020-04-01,23:00,22.46,56.47,373.00,,,,,,2.00,3.00,,,,,,,,
2020-04-01,23:15,,,,,,,,,,,,,,,,,,
2020-04-01,23:30,22.53,57.43,379.00,,,,,,2.00,4.00,,,,,,,,
2020-04-01,23:45,,,,,,,,,,,,,,,,,,
2020-04-02,00:00,22.52,58.18,338.00,,,,,,2.00,3.00,,,,,,,,
2020-04-02,00:15,,,,,,,,,,,,,,,,,,
2020-04-02,00:30,22.42,58.48,487.00,,,,,,2.00,4.00,,,,,,,,
2020-04-02,00:45,22.28,58.21,296.00,,,,,,2.00,2.00,,,,,,,,
2020-04-02,01:00,22.23,57.97,409.00,,,,,,2.00,3.00,,,,,,,,
2020-04-02,01:15,,,,,,,,,,,,,,,,,,
2020-04-02,01:30,22.12,58.13,356.00,,,,,,2.00,4.00,,,,,,,,
2020-04-02,01:45,,,,,,,,,,,,,,,,,,
2020-04-02,02:00,22.00,58.78,391.00,,,,,,2.00,4.00,,,,,,,,
2020-04-02,02:15,22.03,60.02,309.00,,,,,,2.00,3.00,,,,,,,,
2020-04-02,02:30,22.02,59.96,404.00,,,,,,2.00,3.00,,,,,,,,
2020-04-02,02:45,21.99,59.27,97.00,,,,,,2.00,2.00,,,,,,,,
2020-04-02,03:00,21.95,58.51,398.00,,,,,,2.00,2.00,,,,,,,,
2020-04-02,03:15,21.87,57.90,23.00,,,,,,2.00,2.00,,,,,,,,
2020-04-02,03:30,21.78,57.92,407.00,,,,,,2.00,2.00,,,,,,,,
2020-04-02,03:45,21.66,56.61,407.00,,,,,,2.00,2.00,,,,,,,,
2020-04-02,04:00,21.53,56.15,350.00,,,,,,0.00,2.00,,,,,,,,
2020-04-02,04:15,,,,,,,,,,,,,,,,,,
2020-04-02,04:30,21.42,54.54,315.00,,,,,,0.00,0.00,,,,,,,,
2020-04-02,04:45,21.26,53.08,26.00,,,,,,0.00,0.00,,,,,,,,
2020-04-02,05:00,21.06,53.34,26.00,,,,,,0.00,0.00,,,,,,,,
2020-04-02,05:15,,,,,,,,,,,,,,,,,,
2020-04-02,05:30,20.88,53.08,24.00,,,,,,0.00,0.00,,,,,,,,
2020-04-02,05:45,21.00,52.92,25.00,,,,,,0.00,0.00,,,,,,,,
2020-04-02,06:00,21.08,52.42,25.00,,,,,,0.00,0.00,,,,,,,,
2020-04-02,06:15,,,,,,,,,,,,,,,,,,
2020-04-02,06:30,20.81,52.10,24.00,,,,,,0.00,0.00,,,,,,,,
2020-04-02,06:45,21.09,51.40,25.00,,,,,,0.00,0.00,,,,,,,,
2020-04-02,07:00,21.13,50.94,25.00,,,,,,0.00,0.00,,,,,,,,
2020-04-02,07:15,20.84,50.74,22.00,,,,,,0.00,0.00,,,,,,,,
2020-04-02,07:30,20.90,51.17,28.00,,,,,,0.00,0.00,,,,,,,,
2020-04-02,07:45,21.19,50.29,,,,,,,,,,,,,,,,
2020-04-02,08:00,21.05,50.36,26.00,,,,,,0.00,0.00,,,,,,,,
2020-04-02,08:15,21.19,49.97,25.00,,,,,,0.00,0.00,,,,,,,,
2020-04-02,08:30,21.10,49.35,29.00,,,,,,0.00,0.00,,,,,,,,
2020-04-02,08:45,20.79,49.48,21.00,,,,,,0.00,0.00,,,,,,,,
2020-04-02,09:00,20.97,49.65,28.00,,,,,,0.00,0.00,,,,,,,,
2020-04-02,09:15,21.15,48.64,24.00,,,,,,0.00,0.00,,,,,,,,
2020-04-02,09:30,20.91,48.13,27.00,,,,,,0.00,0.00,,,,,,,,
2020-04-02,09:45,21.11,48.65,24.00,,,,,,0.00,0.00,,,,,,,,
2020-04-02,10:00,21.02,47.78,111.00,,,,,,0.00,0.00,,,,,,,,
2020-04-02,10:15,20.95,48.50,79.00,,,,,,0.00,0.00,,,,,,,,
2020-04-02,10:30,21.12,47.83,28.00,,,,,,0.00,0.00,,,,,,,,
2020-04-02,10:45,20.96,46.85,25.00,,,,,,0.00,0.00,,,,,,,,
2020-04-02,11:00,20.79,47.39,28.00,,,,,,0.00,0.00,,,,,,,,
2020-04-02,11:15,20.70,48.12,23.00,,,,,,0.00,1.00,,,,,,,,
2020-04-02,11:30,20.60,47.88,29.00,,,,,,1.00,2.00,,,,,,,,
2020-04-02,11:45,,,,,,,,,,,,,,,,,,
2020-04-02,12:00,20.40,48.37,23.00,,,,,,2.00,3.00,,,,,,,,
2020-04-02,12:15,,,,,,,,,,,,,,,,,,
2020-04-02,12:30,20.18,48.63,26.00,,,,,,2.00,3.00,,,,,,,,
2020-04-02,12:45,,,,,,,,,,,,,,,,,,
2020-04-02,13:00,19.99,48.78,22.00,,,,,,2.00,4.00,,,,,,,,
2020-04-02,13:15,19.84,49.09,41.00,,,,,,2.00,3.00,,,,,,,,
2020-04-02,13:30,20.05,48.90,29.00,,,,,,3.00,4.00,,,,,,,,
2020-04-02,13:45,,,,,,,,,,,,,,,,,,
2020-04-02,14:00,20.68,47.14,280.00,,,,,,4.00,6.00,,,,,,,,
2020-04-02,14:15,21.05,47.01,399.00,,,,,,9.00,17.00,,,,,,,,
2020-04-02,14:30,21.56,46.77,438.00,,,,,,6.00,15.00,,,,,,,,
2020-04-02,14:45,22.03,46.25,328.00,,,,,,5.00,12.00,,,,,,,,
2020-04-02,15:00,22.33,46.92,352.00,,,,,,4.00,10.00,,,,,,,,
2020-04-02,15:15,22.17,48.90,327.00,,,,,,7.00,9.00,,,,,,,,
2020-04-02,15:30,22.07,49.57,448.00,,,,,,4.00,10.00,,,,,,,,
2020-04-02,15:45,21.98,49.71,297.00,,,,,,5.00,11.00,,,,,,,,
2020-04-02,16:00,21.89,49.77,325.00,,,,,,4.00,11.00,,,,,,,,
2020-04-02,16:15,21.75,50.00,33.00,,,,,,4.00,10.00,,,,,,,,
2020-04-02,16:30,21.66,49.93,29.00,,,,,,5.00,9.00,,,,,,,,
2020-04-02,16:45,,,,,,,,,,,,,,,,,,
2020-04-02,17:00,21.69,49.90,375.00,,,,,,5.00,10.00,,,,,,,,
2020-04-02,17:15,21.75,50.55,333.00,,,,,,8.00,8.00,,,,,,,,
2020-04-02,17:30,21.76,51.22,435.00,,,,,,5.00,9.00,,,,,,,,
2020-04-02,17:45,,,,,,,,,,,,,,,,,,
2020-04-02,18:00,21.74,52.37,320.00,,,,,,5.00,10.00,,,,,,,,
2020-04-02,18:15,21.72,53.18,292.00,,,,,,7.00,8.00,,,,,,,,
2020-04-02,18:30,21.69,53.47,309.00,,,,,,6.00,10.00,,,,,,,,
2020-04-02,18:45,21.67,55.07,24.00,,,,,,6.00,11.00,,,,,,,,
2020-04-02,19:00,21.70,54.79,23.00,,,,,,5.00,11.00,,,,,,,,
2020-04-02,19:15,21.70,53.77,536.00,,,,,,4.00,10.00,,,,,,,,
2020-04-02,19:30,21.66,52.77,94.00,,,,,,5.00,9.00,,,,,,,,
2020-04-02,19:45,21.69,53.04,265.00,,,,,,5.00,11.00,,,,,,,,
2020-04-02,20:00,21.63,52.07,79.00,,,,,,6.00,8.00,,,,,,,,
2020-04-02,20:15,21.64,52.48,355.00,,,,,,5.00,6.00,,,,,,,,
2020-04-02,20:30,21.63,52.15,212.00,,,,,,5.00,10.00,,,,,,,,
2020-04-02,20:45,,,,,,,,,,,,,,,,,,
2020-04-02,21:00,21.53,50.72,24.00,,,,,,4.00,11.00,,,,,,,,
2020-04-02,21:15,21.44,50.88,544.00,,,,,,2.00,5.00,,,,,,,,
2020-04-02,21:30,21.95,49.65,198.00,,,,,,2.00,3.00,,,,,,,,
2020-04-02,21:45,22.11,51.01,320.00,,,,,,2.00,3.00,,,,,,,,
2020-04-02,22:00,22.04,51.80,297.00,,,,,,2.00,3.00,,,,,,,,
2020-04-02,22:15,21.95,51.75,255.00,,,,,,2.00,3.00,,,,,,,,
2020-04-02,22:30,21.88,51.73,422.00,,,,,,2.00,5.00,,,,,,,,
2020-04-02,22:45,21.84,52.27,256.00,,,,,,3.00,3.00,,,,,,,,
2020-04-02,23:00,21.85,52.93,285.00,,,,,,2.00,3.00,,,,,,,,
2020-04-02,23:15,21.91,55.01,274.00,,,,,,2.00,2.00,,,,,,,,
2020-04-02,23:30,22.01,56.38,342.00,,,,,,2.00,2.00,,,,,,,,
2020-04-02,23:45,21.98,56.85,356.00,,,,,,2.00,2.00,,,,,,,,
2020-04-03,00:00,21.96,56.51,371.00,,,,,,2.00,2.00,,,,,,,,
2020-04-03,00:15,21.98,56.97,392.00,,,,,,2.00,3.00,,,,,,,,
2020-04-03,00:30,21.93,57.25,350.00,,,,,,2.00,4.00,,,,,,,,
2020-04-03,00:45,21.80,57.10,369.00,,,,,,2.00,4.00,,,,,,,,
2020-04-03,01:00,21.77,57.00,,,,,,,,,,,,,,,,
2020-04-03,01:15,21.64,58.50,280.00,,,,,,2.00,4.00,,,,,,,,
2020-04-03,01:30,21.46,58.40,218.00,,,,,,2.00,2.00,,,,,,,,
2020-04-03,01:45,21.46,58.19,275.00,,,,,,2.00,4.00,,,,,,,,
2020-04-03,02:00,21.55,58.64,395.00,,,,,,2.00,2.00,,,,,,,,
2020-04-03,02:15,21.65,59.16,401.00,,,,,,2.00,2.00,,,,,,,,
2020-04-03,02:30,21.65,59.24,426.00,,,,,,2.00,4.00,,,,,,,,
2020-04-03,02:45,21.61,58.66,483.00,,,,,,2.00,7.00,,,,,,,,
2020-04-03,03:00,21.55,57.77,25.00,,,,,,2.00,2.00,,,,,,,,
2020-04-03,03:15,21.53,57.58,28.00,,,,,,2.00,2.00,,,,,,,,
2020-04-03,03:30,21.51,56.62,336.00,,,,,,0.00,2.00,,,,,,,,
2020-04-03,03:45,21.45,55.86,304.00,,,,,,0.00,0.00,,,,,,,,
2020-04-03,04:00,,,,,,,,,,,,,,,,,,
2020-04-03,04:15,21.31,55.11,234.00,,,,,,0.00,0.00,,,,,,,,
2020-04-03,04:30,21.14,55.02,33.00,,,,,,0.00,0.00,,,,,,,,
2020-04-03,04:45,21.02,55.14,108.00,,,,,,0.00,0.00,,,,,,,,
2020-04-03,05:00,20.93,55.16,30.00,,,,,,0.00,0.00,,,,,,,,
2020-04-03,05:15,20.89,54.92,28.00,,,,,,0.00,0.00,,,,,,,,
2020-04-03,05:30,20.82,54.48,24.00,,,,,,0.00,0.00,,,,,,,,
2020-04-03,05:45,21.11,52.70,28.00,,,,,,0.00,0.00,,,,,,,,
2020-04-03,06:00,21.27,52.65,28.00,,,,,,0.00,0.00,,,,,,,,
2020-04-03,06:15,21.06,52.65,25.00,,,,,,0.00,0.00,,,,,,,,
2020-04-03,06:30,20.89,52.79,33.00,,,,,,0.00,0.00,,,,,,,,
2020-04-03,06:45,20.75,52.97,22.00,,,,,,0.00,0.00,,,,,,,,
2020-04-03,07:00,21.03,51.67,24.00,,,,,,0.00,0.00,,,,,,,,
2020-04-03,07:15,21.22,51.40,21.00,,,,,,0.00,0.00,,,,,,,,
2020-04-03,07:30,20.98,51.43,26.00,,,,,,0.00,0.00,,,,,,,,
2020-04-03,07:45,20.79,51.67,22.00,,,,,,0.00,0.00,,,,,,,,
2020-04-03,08:00,21.01,50.80,28.00,,,,,,0.00,0.00,,,,,,,,
2020-04-03,08:15,21.19,50.65,25.00,,,,,,0.00,0.00,,,,,,,,
2020-04-03,08:30,20.96,50.59,24.00,,,,,,0.00,0.00,,,,,,,,
2020-04-03,08:45,20.80,50.89,22.00,,,,,,0.00,0.00,,,,,,,,
2020-04-03,09:00,21.02,50.27,29.00,,,,,,0.00,0.00,,,,,,,,
2020-04-03,09:15,21.20,49.98,23.00,,,,,,0.00,0.00,,,,,,,,
2020-04-03,09:30,20.98,50.02,26.00,,,,,,0.00,0.00,,,,,,,,
2020-04-03,09:45,20.81,50.29,25.00,,,,,,0.00,0.00,,,,,,,,
2020-04-03,10:00,21.01,49.75,30.00,,,,,,0.00,0.00,,,,,,,,
2020-04-03,10:15,21.17,49.40,32.00,,,,,,0.00,0.00,,,,,,,,
2020-04-03,10:30,20.98,49.30,24.00,,,,,,0.00,0.00,,,,,,,,
2020-04-03,10:45,20.80,49.59,145.00,,,,,,0.00,0.00,,,,,,,,
2020-04-03,11:00,21.06,49.04,31.00,,,,,,0.00,0.00,,,,,,,,
2020-04-03,11:15,21.14,48.85,22.00,,,,,,0.00,0.00,,,,,,,,
2020-04-03,11:30,20.90,48.73,21.00,,,,,,0.00,1.00,,,,,,,,
2020-04-03,11:45,20.76,49.05,33.00,,,,,,1.00,1.00,,,,,,,,
2020-04-03,12:00,21.11,48.41,29.00,,,,,,1.00,2.00,,,,,,,,
2020-04-03,12:15,21.17,48.56,23.00,,,,,,1.00,2.00,,,,,,,,
2020-04-03,12:30,20.94,48.46,26.00,,,,,,2.00,2.00,,,,,,,,
2020-04-03,12:45,,,,,,,,,,,,,,,,,,
2020-04-03,13:00,20.69,48.80,34.00,,,,,,2.00,2.00,,,,,,,,
2020-04-03,13:15,20.57,49.10,30.00,,,,,,2.00,4.00,,,,,,,,
2020-04-03,13:30,20.88,48.65,530.00,,,,,,2.00,5.00,,,,,,,,
2020-04-03,13:45,21.37,47.31,26.00,,,,,,4.00,5.00,,,,,,,,
2020-04-03,14:00,21.90,46.55,384.00,,,,,,4.00,6.00,,,,,,,,
2020-04-03,14:15,22.45,46.50,323.00,,,,,,4.00,6.00,,,,,,,,
2020-04-03,14:30,22.18,49.01,338.00,,,,,,4.00,5.00,,,,,,,,
2020-04-03,14:45,21.90,49.82,443.00,,,,,,3.00,5.00,,,,,,,,
2020-04-03,15:00,22.12,48.75,252.00,,,,,,4.00,7.00,,,,,,,,
2020-04-03,15:15,22.19,49.25,30.00,,,,,,4.00,7.00,,,,,,,,
2020-04-03,15:30,22.01,49.85,240.00,,,,,,3.00,5.00,,,,,,,,
2020-04-03,15:45,21.88,50.56,287.00,,,,,,5.00,8.00,,,,,,,,
2020-04-03,16:00,21.85,52.21,411.00,,,,,,6.00,7.00,,,,,,,,
2020-04-03,16:15,21.78,51.74,313.00,,,,,,6.00,7.00,,,,,,,,
2020-04-03,16:30,21.72,51.89,381.00,,,,,,5.00,7.00,,,,,,,,
2020-04-03,16:45,21.63,51.70,312.00,,,,,,5.00,7.00,,,,,,,,
2020-04-03,17:00,,,,,,,,,,,,,,,,,,
2020-04-03,17:15,21.66,51.52,437.00,,,,,,5.00,6.00,,,,,,,,
2020-04-03,17:30,22.10,51.65,300.00,,,,,,5.00,6.00,,,,,,,,
2020-04-03,17:45,21.95,53.84,337.00,,,,,,4.00,5.00,,,,,,,,
2020-04-03,18:00,21.86,54.16,403.00,,,,,,4.00,5.00,,,,,,,,
2020-04-03,18:15,21.79,55.94,312.00,,,,,,3.00,6.00,,,,,,,,
2020-04-03,18:30,21.72,56.71,349.00,,,,,,3.00,6.00,,,,,,,,
2020-04-03,18:45,21.68,56.67,323.00,,,,,,3.00,8.00,,,,,,,,
2020-04-03,19:00,21.66,56.47,,,,,,,,,,,,,,,,
2020-04-03,19:15,21.58,56.29,327.00,,,,,,3.00,4.00,,,,,,,,
2020-04-03,19:30,21.55,55.71,406.00,,,,,,3.00,3.00,,,,,,,,
2020-04-03,19:45,21.57,55.99,433.00,,,,,,2.00,5.00,,,,,,,,
2020-04-03,20:00,21.59,55.29,20.00,,,,,,,,,,,,,,,
2020-04-03,20:15,21.59,54.53,28.00,,,,,,2.00,3.00,,,,,,,,
2020-04-03,20:30,21.51,54.61,297.00,,,,,,2.00,4.00,,,,,,,,
2020-04-03,20:45,21.48,56.57,284.00,,,,,,2.00,5.00,,,,,,,,
2020-04-03,21:00,21.43,57.15,426.00,,,,,,3.00,4.00,,,,,,,,
2020-04-03,21:15,21.40,57.71,324.00,,,,,,2.00,3.00,,,,,,,,
2020-04-03,21:30,21.33,57.55,339.00,,,,,,3.00,3.00,,,,,,,,
2020-04-03,21:45,21.30,57.37,296.00,,,,,,3.00,3.00,,,,,,,,
2020-04-03,22:00,21.26,56.91,253.00,,,,,,3.00,3.00,,,,,,,,
2020-04-03,22:15,21.20,56.61,282.00,,,,,,3.00,4.00,,,,,,,,
2020-04-03,22:30,21.23,58.36,340.00,,,,,,2.00,3.00,,,,,,,,
2020-04-03,22:45,21.33,60.67,357.00,,,,,,2.00,3.00,,,,,,,,
2020-04-03,23:00,21.30,60.37,504.00,,,,,,2.00,4.00,,,,,,,,
2020-04-03,23:15,21.22,60.36,365.00,,,,,,2.00,2.00,,,,,,,,
2020-04-03,23:30,21.14,60.15,317.00,,,,,,2.00,3.00,,,,,,,,
2020-04-03,23:45,21.10,59.83,358.00,,,,,,2.00,4.00,,,,,,,,
2020-04-04,00:00,21.01,60.05,239.00,,,,,,2.00,2.00,,,,,,,,
2020-04-04,00:15,,,,,,,,,,,,,,,,,,
2020-04-04,00:30,21.03,59.33,390.00,,,,,,2.00,3.00,,,,,,,,
2020-04-04,00:45,20.97,59.25,387.00,,,,,,2.00,2.00,,,,,,,,
2020-04-04,01:00,20.97,58.58,424.00,,,,,,1.00,4.00,,,,,,,,
2020-04-04,01:15,21.29,55.45,360.00,,,,,,1.00,2.00,,,,,,,,
2020-04-04,01:30,21.25,57.20,359.00,,,,,,2.00,2.00,,,,,,,,
2020-04-04,01:45,21.15,56.96,29.00,,,,,,2.00,2.00,,,,,,,,
2020-04-04,02:00,21.11,57.43,367.00,,,,,,2.00,4.00,,,,,,,,
2020-04-04,02:15,21.07,57.50,246.00,,,,,,2.00,2.00,,,,,,,,
2020-04-04,02:30,20.97,57.69,298.00,,,,,,1.00,3.00,,,,,,,,
2020-04-04,02:45,20.85,57.11,25.00,,,,,,1.00,1.00,,,,,,,,
2020-04-04,03:00,20.81,56.44,21.00,,,,,,1.00,1.00,,,,,,,,
2020-04-04,03:15,20.80,56.27,357.00,,,,,,0.00,1.00,,,,,,,,
2020-04-04,03:30,20.73,55.18,260.00,,,,,,0.00,0.00,,,,,,,,
2020-04-04,03:45,21.00,53.07,26.00,,,,,,0.00,0.00,,,,,,,,
2020-04-04,04:00,21.20,54.02,360.00,,,,,,0.00,0.00,,,,,,,,
2020-04-04,04:15,21.01,54.30,28.00,,,,,,0.00,0.00,,,,,,,,
2020-04-04,04:30,20.85,54.25,28.00,,,,,,0.00,0.00,,,,,,,,
2020-04-04,04:45,20.84,53.97,23.00,,,,,,0.00,0.00,,,,,,,,
2020-04-04,05:00,21.25,51.99,26.00,,,,,,0.00,0.00,,,,,,,,
2020-04-04,05:15,21.19,53.40,23.00,,,,,,0.00,0.00,,,,,,,,
2020-04-04,05:30,20.96,53.80,21.00,,,,,,0.00,0.00,,,,,,,,
2020-04-04,05:45,20.81,54.16,28.00,,,,,,0.00,0.00,,,,,,,,
2020-04-04,06:00,21.11,52.46,25.00,,,,,,0.00,0.00,,,,,,,,
2020-04-04,06:15,21.22,52.88,24.00,,,,,,0.00,0.00,,,,,,,,
2020-04-04,06:30,20.97,53.37,26.00,,,,,,0.00,0.00,,,,,,,,
2020-04-04,06:45,20.84,53.81,21.00,,,,,,0.00,0.00,,,,,,,,
2020-04-04,07:00,20.75,53.93,26.00,,,,,,0.00,0.00,,,,,,,,
2020-04-04,07:15,21.09,52.10,31.00,,,,,,0.00,0.00,,,,,,,,
2020-04-04,07:30,21.15,52.84,25.00,,,,,,0.00,0.00,,,,,,,,
2020-04-04,07:45,20.96,52.94,27.00,,,,,,0.00,0.00,,,,,,,,
2020-04-04,08:00,20.80,53.45,27.00,,,,,,0.00,0.00,,,,,,,,
2020-04-04,08:15,20.95,52.31,27.00,,,,,,0.00,0.00,,,,,,,,
2020-04-04,08:30,21.26,51.83,23.00,,,,,,0.00,0.00,,,,,,,,
2020-04-04,08:45,21.03,52.33,26.00,,,,,,0.00,0.00,,,,,,,,
2020-04-04,09:00,,,,,,,,,,,,,,,,,,
2020-04-04,09:15,20.82,52.77,28.00,,,,,,0.00,0.00,,,,,,,,
2020-04-04,09:30,21.05,51.44,28.00,,,,,,0.00,0.00,,,,,,,,
2020-04-04,09:45,21.21,51.59,22.00,,,,,,0.00,0.00,,,,,,,,
2020-04-04,10:00,21.01,51.81,29.00,,,,,,0.00,0.00,,,,,,,,
2020-04-04,10:15,20.82,52.38,97.00,,,,,,0.00,0.00,,,,,,,,
2020-04-04,10:30,21.04,51.09,30.00,,,,,,0.00,0.00,,,,,,,,
2020-04-04,10:45,21.18,51.08,25.00,,,,,,0.00,0.00,,,,,,,,
2020-04-04,11:00,21.03,51.29,25.00,,,,,,0.00,0.00,,,,,,,,
2020-04-04,11:15,20.84,51.68,33.00,,,,,,0.00,0.00,,,,,,,,
2020-04-04,11:30,21.05,50.72,26.00,,,,,,0.00,1.00,,,,,,,,
2020-04-04,11:45,21.19,50.65,28.00,,,,,,1.00,1.00,,,,,,,,
2020-04-04,12:00,20.99,50.96,29.00,,,,,,0.00,1.00,,,,,,,,
2020-04-04,12:15,20.84,51.40,290.00,,,,,,0.00,1.00,,,,,,,,
2020-04-04,12:30,21.08,50.24,30.00,,,,,,1.00,2.00,,,,,,,,
2020-04-04,12:45,21.24,50.23,22.00,,,,,,1.00,2.00,,,,,,,,
2020-04-04,13:00,21.02,50.60,24.00,,,,,,1.00,2.00,,,,,,,,
2020-04-04,13:15,,,,,,,,,,,,,,,,,,
2020-04-04,13:30,20.83,51.44,317.00,,,,,,1.00,2.00,,,,,,,,
2020-04-04,13:45,21.15,50.35,26.00,,,,,,1.00,2.00,,,,,,,,
2020-04-04,14:00,21.22,51.29,495.00,,,,,,1.00,4.00,,,,,,,,
2020-04-04,14:15,21.87,49.12,364.00,,,,,,4.00,7.00,,,,,,,,
2020-04-04,14:30,22.41,48.54,340.00,,,,,,6.00,7.00,,,,,,,,
2020-04-04,14:45,22.25,50.66,297.00,,,,,,6.00,9.00,,,,,,,,
2020-04-04,15:00,22.15,51.34,365.00,,,,,,5.00,6.00,,,,,,,,
2020-04-04,15:15,22.00,52.11,333.00,,,,,,4.00,7.00,,,,,,,,
2020-04-04,15:30,21.92,52.68,416.00,,,,,,5.00,7.00,,,,,,,,
2020-04-04,15:45,21.88,52.88,285.00,,,,,,7.00,14.00,,,,,,,,
2020-04-04,16:00,21.93,53.00,308.00,,,,,,10.00,14.00,,,,,,,,
2020-04-04,16:15,22.02,53.38,28.00,,,,,,8.00,14.00,,,,,,,,
2020-04-04,16:30,22.21,52.76,309.00,,,,,,9.00,11.00,,,,,,,,
2020-04-04,16:45,22.53,52.60,28.00,,,,,,5.00,10.00,,,,,,,,
2020-04-04,17:00,22.83,51.86,377.00,,,,,,8.00,10.00,,,,,,,,
2020-04-04,17:15,22.89,51.50,27.00,,,,,,9.00,9.00,,,,,,,,
2020-04-04,17:30,23.00,52.14,349.00,,,,,,7.00,10.00,,,,,,,,
2020-04-04,17:45,23.08,52.03,23.00,,,,,,5.00,9.00,,,,,,,,
2020-04-04,18:00,23.03,53.10,32.00,,,,,,7.00,8.00,,,,,,,,
2020-04-04,18:15,23.11,53.36,369.00,,,,,,5.00,10.00,,,,,,,,
2020-04-04,18:30,23.20,54.62,396.00,,,,,,6.00,9.00,,,,,,,,
2020-04-04,18:45,23.22,55.76,27.00,,,,,,8.00,9.00,,,,,,,,
2020-04-04,19:00,23.29,55.31,360.00,,,,,,5.00,10.00,,,,,,,,
2020-04-04,19:15,23.32,55.14,23.00,,,,,,6.00,9.00,,,,,,,,
2020-04-04,19:30,23.38,54.92,315.00,,,,,,3.00,9.00,,,,,,,,
2020-04-04,19:45,23.44,55.48,259.00,,,,,,4.00,11.00,,,,,,,,
2020-04-04,20:00,23.45,55.36,28.00,,,,,,4.00,4.00,,,,,,,,
2020-04-04,20:15,,,,,,,,,,,,,,,,,,
2020-04-04,20:30,23.45,55.45,314.00,,,,,,3.00,13.00,,,,,,,,
2020-04-04,20:45,23.46,55.45,310.00,,,,,,2.00,4.00,,,,,,,,
2020-04-04,21:00,23.47,55.23,285.00,,,,,,3.00,3.00,,,,,,,,
2020-04-04,21:15,23.46,54.80,268.00,,,,,,2.00,3.00,,,,,,,,
2020-04-04,21:30,23.46,54.47,341.00,,,,,,2.00,4.00,,,,,,,,
2020-04-04,21:45,,,,,,,,,,,,,,,,,,
2020-04-04,22:00,23.39,54.36,312.00,,,,,,2.00,4.00,,,,,,,,
2020-04-04,22:15,23.39,55.37,443.00,,,,,,2.00,5.00,,,,,,,,
2020-04-04,22:30,23.36,56.35,21.00,,,,,,3.00,3.00,,,,,,,,
2020-04-04,22:45,23.43,57.03,285.00,,,,,,2.00,3.00,,,,,,,,
2020-04-04,23:00,23.47,56.86,279.00,,,,,,2.00,3.00,,,,,,,,
2020-04-04,23:15,23.61,58.12,261.00,,,,,,2.00,2.00,,,,,,,,
2020-04-04,23:30,23.67,57.97,290.00,,,,,,2.00,2.00,,,,,,,,
2020-04-04,23:45,23.74,57.77,380.00,,,,,,2.00,4.00,,,,,,,,
2020-04-05,00:00,23.71,58.50,243.00,,,,,,2.00,2.00,,,,,,,,
2020-04-05,00:15,23.64,58.13,62.00,,,,,,2.00,2.00,,,,,,,,
2020-04-05,00:30,23.57,57.77,338.00,,,,,,1.00,4.00,,,,,,,,
2020-04-05,00:45,23.50,57.96,321.00,,,,,,2.00,2.00,,,,,,,,
2020-04-05,01:00,23.48,57.93,281.00,,,,,,2.00,4.00,,,,,,,,
2020-04-05,01:15,23.43,58.11,277.00,,,,,,2.00,2.00,,,,,,,,
2020-04-05,01:30,23.41,58.36,290.00,,,,,,2.00,4.00,,,,,,,,
2020-04-05,01:45,23.40,58.37,401.00,,,,,,2.00,2.00,,,,,,,,
2020-04-05,02:00,23.39,58.39,335.00,,,,,,2.00,2.00,,,,,,,,
2020-04-05,02:15,23.37,58.28,405.00,,,,,,2.00,4.00,,,,,,,,
2020-04-05,02:30,23.30,58.15,225.00,,,,,,1.00,3.00,,,,,,,,
2020-04-05,02:45,23.18,58.07,20.00,,,,,,1.00,1.00,,,,,,,,
2020-04-05,03:00,23.09,57.71,26.00,,,,,,1.00,1.00,,,,,,,,
2020-04-05,03:15,23.07,57.32,162.00,,,,,,0.00,1.00,,,,,,,,
2020-04-05,03:30,22.99,56.49,25.00,,,,,,0.00,0.00,,,,,,,,
2020-04-05,03:45,22.92,55.81,23.00,,,,,,0.00,0.00,,,,,,,,
2020-04-05,04:00,22.83,55.49,400.00,,,,,,0.00,0.00,,,,,,,,
2020-04-05,04:15,,,,,,,,,,,,,,,,,,
2020-04-05,04:30,22.72,55.52,209.00,,,,,,0.00,0.00,,,,,,,,
2020-04-05,04:45,22.63,55.55,87.00,,,,,,0.00,0.00,,,,,,,,
2020-04-05,05:00,22.53,55.75,30.00,,,,,,0.00,0.00,,,,,,,,
2020-04-05,05:15,,,,,,,,,,,,,,,,,,
2020-04-05,05:30,22.45,55.66,78.00,,,,,,0.00,0.00,,,,,,,,
2020-04-05,05:45,22.37,55.52,108.00,,,,,,0.00,0.00,,,,,,,,
2020-04-05,06:00,22.21,55.50,23.00,,,,,,0.00,0.00,,,,,,,,
2020-04-05,06:15,,,,,,,,,,,,,,,,,,
2020-04-05,06:30,22.12,55.32,396.00,,,,,,0.00,0.00,,,,,,,,
2020-04-05,06:45,21.99,55.07,31.00,,,,,,0.00,0.00,,,,,,,,
2020-04-05,07:00,21.95,54.90,26.00,,,,,,0.00,0.00,,,,,,,,
2020-04-05,07:15,21.92,54.72,24.00,,,,,,0.00,0.00,,,,,,,,
2020-04-05,07:30,21.83,54.53,23.00,,,,,,0.00,0.00,,,,,,,,
2020-04-05,07:45,21.68,54.47,23.00,,,,,,0.00,0.00,,,,,,,,
2020-04-05,08:00,,,,,,,,,,,,,,,,,,
2020-04-05,08:15,21.60,54.24,26.00,,,,,,0.00,0.00,,,,,,,,
2020-04-05,08:30,21.49,53.93,98.00,,,,,,0.00,0.00,,,,,,,,
2020-04-05,08:45,21.43,54.18,97.00,,,,,,0.00,0.00,,,,,,,,
2020-04-05,09:00,,,,,,,,,,,,,,,,,,
2020-04-05,09:15,21.30,54.20,25.00,,,,,,0.00,0.00,,,,,,,,
2020-04-05,09:30,21.16,54.04,32.00,,,,,,0.00,0.00,,,,,,,,
2020-04-05,09:45,21.09,53.79,33.00,,,,,,0.00,0.00,,,,,,,,
2020-04-05,10:00,21.02,53.76,22.00,,,,,,0.00,0.00,,,,,,,,
2020-04-05,10:15,20.96,53.79,23.00,,,,,,0.00,0.00,,,,,,,,
2020-04-05,10:30,20.86,53.95,26.00,,,,,,0.00,0.00,,,,,,,,
2020-04-05,10:45,20.67,54.66,439.00,,,,,,0.00,0.00,,,,,,,,
2020-04-05,11:00,20.75,55.22,193.00,,,,,,0.00,1.00,,,,,,,,
2020-04-05,11:15,21.39,53.34,27.00,,,,,,1.00,1.00,,,,,,,,
2020-04-05,11:30,21.45,53.29,28.00,,,,,,1.00,2.00,,,,,,,,
2020-04-05,11:45,21.55,52.50,28.00,,,,,,1.00,2.00,,,,,,,,
2020-04-05,12:00,,,,,,,,,,,,,,,,,,
2020-04-05,12:15,21.43,52.61,25.00,,,,,,2.00,3.00,,,,,,,,
2020-04-05,12:30,,,,,,,,,,,,,,,,,,
2020-04-05,12:45,21.27,52.88,29.00,,,,,,3.00,6.00,,,,,,,,
2020-04-05,13:00,21.18,53.35,21.00,,,,,,4.00,6.00,,,,,,,,
2020-04-05,13:15,21.48,51.67,828.00,,,,,,3.00,4.00,,,,,,,,
2020-04-05,13:30,21.95,49.80,261.00,,,,,,3.00,4.00,,,,,,,,
2020-04-05,13:45,22.43,49.66,332.00,,,,,,3.00,6.00,,,,,,,,
2020-04-05,14:00,22.52,52.32,327.00,,,,,,5.00,6.00,,,,,,,,
2020-04-05,14:15,22.40,53.52,328.00,,,,,,4.00,6.00,,,,,,,,
2020-04-05,14:30,22.34,54.31,586.00,,,,,,3.00,5.00,,,,,,,,
2020-04-05,14:45,22.33,55.18,400.00,,,,,,3.00,6.00,,,,,,,,
2020-04-05,15:00,22.33,55.48,294.00,,,,,,4.00,5.00,,,,,,,,
2020-04-05,15:15,22.21,55.62,339.00,,,,,,4.00,5.00,,,,,,,,
2020-04-05,15:30,22.14,55.71,287.00,,,,,,5.00,7.00,,,,,,,,
2020-04-05,15:45,22.10,56.11,279.00,,,,,,5.00,7.00,,,,,,,,
2020-04-05,16:00,22.16,56.80,293.00,,,,,,4.00,5.00,,,,,,,,
2020-04-05,16:15,22.15,57.50,326.00,,,,,,5.00,6.00,,,,,,,,
2020-04-05,16:30,22.17,56.95,404.00,,,,,,6.00,8.00,,,,,,,,
2020-04-05,16:45,22.15,56.20,26.00,,,,,,7.00,9.00,,,,,,,,
2020-04-05,17:00,22.09,55.92,353.00,,,,,,7.00,9.00,,,,,,,,
2020-04-05,17:15,,,,,,,,,,,,,,,,,,
2020-04-05,17:30,22.25,56.20,496.00,,,,,,3.00,9.00,,,,,,,,
2020-04-05,17:45,22.22,56.81,352.00,,,,,,6.00,8.00,,,,,,,,
2020-04-05,18:00,22.28,56.86,331.00,,,,,,6.00,8.00,,,,,,,,
2020-04-05,18:15,22.30,57.81,343.00,,,,,,6.00,10.00,,,,,,,,
2020-04-05,18:30,22.41,58.58,389.00,,,,,,6.00,10.00,,,,,,,,
2020-04-05,18:45,22.48,58.09,34.00,,,,,,7.00,10.00,,,,,,,,
2020-04-05,19:00,22.65,57.77,26.00,,,,,,5.00,10.00,,,,,,,,
2020-04-05,19:15,22.75,57.58,268.00,,,,,,3.00,7.00,,,,,,,,
2020-04-05,19:30,22.80,57.87,353.00,,,,,,3.00,6.00,,,,,,,,
2020-04-05,19:45,22.91,59.72,349.00,,,,,,5.00,10.00,,,,,,,,
2020-04-05,20:00,23.00,58.99,23.00,,,,,,4.00,5.00,,,,,,,,
2020-04-05,20:15,23.02,59.00,21.00,,,,,,4.00,5.00,,,,,,,,
2020-04-05,20:30,23.06,58.50,341.00,,,,,,2.00,5.00,,,,,,,,
2020-04-05,20:45,23.12,57.93,29.00,,,,,,1.00,2.00,,,,,,,,
2020-04-05,21:00,23.12,58.18,26.00,,,,,,2.00,2.00,,,,,,,,
2020-04-05,21:15,23.18,58.10,241.00,,,,,,2.00,3.00,,,,,,,,
2020-04-05,21:30,,,,,,,,,,,,,,,,,,
2020-04-05,21:45,23.30,58.29,30.00,,,,,,2.00,3.00,,,,,,,,
2020-04-05,22:00,,,,,,,,,,,,,,,,,,
2020-04-05,22:15,23.29,57.76,325.00,,,,,,2.00,4.00,,,,,,,,
2020-04-05,22:30,23.26,57.87,355.00,,,,,,3.00,4.00,,,,,,,,
2020-04-05,22:45,23.35,58.78,360.00,,,,,,2.00,3.00,,,,,,,,
2020-04-05,23:00,23.39,58.70,192.00,,,,,,,,,,,,,,,
2020-04-05,23:15,23.37,58.84,291.00,,,,,,2.00,3.00,,,,,,,,
2020-04-05,23:30,23.38,59.10,23.00,,,,,,2.00,2.00,,,,,,,,
2020-04-05,23:45,23.37,58.91,340.00,,,,,,2.00,2.00,,,,,,,,
2020-04-06,00:00,,,,,,,,,,,,,,,,,,
2020-04-06,00:15,23.38,58.92,341.00,,,,,,2.00,2.00,,,,,,,,
2020-04-06,00:30,,,,,,,,,,,,,,,,,,
2020-04-06,00:45,23.29,59.53,452.00,,,,,,2.00,4.00,,,,,,,,
2020-04-06,01:00,23.20,60.07,271.00,,,,,,2.00,3.00,,,,,,,,
2020-04-06,01:15,23.18,59.77,22.00,,,,,,2.00,2.00,,,,,,,,
2020-04-06,01:30,23.17,59.46,28.00,,,,,,2.00,2.00,,,,,,,,
2020-04-06,01:45,23.16,59.28,300.00,,,,,,2.00,4.00,,,,,,,,
2020-04-06,02:00,23.14,59.83,334.00,,,,,,2.00,4.00,,,,,,,,
2020-04-06,02:15,,,,,,,,,,,,,,,,,,
2020-04-06,02:30,23.10,59.75,241.00,,,,,,2.00,2.00,,,,,,,,
2020-04-06,02:45,23.01,59.53,310.00,,,,,,2.00,2.00,,,,,,,,
2020-04-06,03:00,22.96,59.40,19.00,,,,,,,,,,,,,,,
2020-04-06,03:15,22.96,59.32,24.00,,,,,,2.00,2.00,,,,,,,,
2020-04-06,03:30,22.87,59.17,347.00,,,,,,0.00,2.00,,,,,,,,
2020-04-06,03:45,22.79,59.11,26.00,,,,,,0.00,0.00,,,,,,,,
2020-04-06,04:00,22.83,58.66,22.00,,,,,,0.00,0.00,,,,,,,,
2020-04-06,04:15,22.77,57.95,289.00,,,,,,0.00,1.00,,,,,,,,
2020-04-06,04:30,,,,,,,,,,,,,,,,,,
2020-04-06,04:45,22.65,57.16,24.00,,,,,,0.00,0.00,,,,,,,,
2020-04-06,05:00,,,,,,,,,,,,,,,,,,
2020-04-06,05:15,22.51,57.04,26.00,,,,,,0.00,0.00,,,,,,,,
2020-04-06,05:30,,,,,,,,,,,,,,,,,,
2020-04-06,05:45,22.37,56.73,26.00,,,,,,0.00,0.00,,,,,,,,
2020-04-06,06:00,,,,,,,,,,,,,,,,,,
2020-04-06,06:15,22.24,56.76,21.00,,,,,,0.00,0.00,,,,,,,,
2020-04-06,06:30,,,,,,,,,,,,,,,,,,
2020-04-06,06:45,22.08,56.79,27.00,,,,,,0.00,0.00,,,,,,,,
2020-04-06,07:00,22.00,56.80,23.00,,,,,,0.00,0.00,,,,,,,,
2020-04-06,07:15,21.97,56.83,24.00,,,,,,0.00,0.00,,,,,,,,
2020-04-06,07:30,,,,,,,,,,,,,,,,,,
2020-04-06,07:45,21.79,56.67,29.00,,,,,,0.00,0.00,,,,,,,,
2020-04-06,08:00,,,,,,,,,,,,,,,,,,
2020-04-06,08:15,21.66,56.47,23.00,,,,,,0.00,0.00,,,,,,,,
2020-04-06,08:30,,,,,,,,,,,,,,,,,,
2020-04-06,08:45,21.60,56.27,26.00,,,,,,0.00,0.00,,,,,,,,
2020-04-06,09:00,21.49,56.40,25.00,,,,,,0.00,0.00,,,,,,,,
2020-04-06,09:15,21.49,56.31,26.00,,,,,,0.00,0.00,,,,,,,,
2020-04-06,09:30,,,,,,,,,,,,,,,,,,
2020-04-06,09:45,21.35,56.15,31.00,,,,,,0.00,0.00,,,,,,,,
2020-04-06,10:00,21.22,56.10,,,,,,,,,,,,,,,,
2020-04-06,10:15,21.20,55.98,25.00,,,,,,0.00,0.00,,,,,,,,
2020-04-06,10:30,,,,,,,,,,,,,,,,,,
2020-04-06,10:45,21.06,56.00,28.00,,,,,,0.00,0.00,,,,,,,,
2020-04-06,11:00,21.02,56.00,23.00,,,,,,0.00,0.00,,,,,,,,
2020-04-06,11:15,20.97,56.05,24.00,,,,,,0.00,1.00,,,,,,,,
2020-04-06,11:30,,,,,,,,,,,,,,,,,,
2020-04-06,11:45,20.87,56.22,28.00,,,,,,1.00,3.00,,,,,,,,
2020-04-06,12:00,21.11,54.65,26.00,,,,,,3.00,4.00,,,,,,,,
2020-04-06,12:15,21.51,53.39,31.00,,,,,,3.00,4.00,,,,,,,,
2020-04-06,12:30,21.43,54.60,30.00,,,,,,4.00,4.00,,,,,,,,
2020-04-06,12:45,21.22,55.16,26.00,,,,,,4.00,5.00,,,,,,,,
2020-04-06,13:00,21.15,55.50,,,,,,,,,,,,,,,,
2020-04-06,13:15,21.15,55.47,28.00,,,,,,5.00,8.00,,,,,,,,
2020-04-06,13:30,21.13,55.69,32.00,,,,,,5.00,6.00,,,,,,,,
2020-04-06,13:45,21.16,56.31,437.00,,,,,,7.00,19.00,,,,,,,,
2020-04-06,14:00,21.25,57.01,198.00,,,,,,12.00,20.00,,,,,,,,
2020-04-06,14:15,21.29,57.85,316.00,,,,,,3.00,11.00,,,,,,,,
2020-04-06,14:30,21.32,58.51,553.00,,,,,,6.00,11.00,,,,,,,,
2020-04-06,14:45,21.46,58.32,481.00,,,,,,7.00,8.00,,,,,,,,
2020-04-06,15:00,21.50,58.29,393.00,,,,,,7.00,8.00,,,,,,,,
2020-04-06,15:15,21.55,58.16,337.00,,,,,,8.00,8.00,,,,,,,,
2020-04-06,15:30,21.70,58.19,303.00,,,,,,3.00,8.00,,,,,,,,
2020-04-06,15:45,21.78,58.34,305.00,,,,,,6.00,8.00,,,,,,,,
2020-04-06,16:00,21.87,57.64,448.00,,,,,,6.00,7.00,,,,,,,,
2020-04-06,16:15,21.94,57.51,324.00,,,,,,7.00,7.00,,,,,,,,
2020-04-06,16:30,21.96,57.64,258.00,,,,,,6.00,8.00,,,,,,,,
2020-04-06,16:45,22.06,57.50,384.00,,,,,,7.00,7.00,,,,,,,,
2020-04-06,17:00,22.07,57.46,266.00,,,,,,6.00,7.00,,,,,,,,
2020-04-06,17:15,22.11,57.97,293.00,,,,,,6.00,9.00,,,,,,,,
2020-04-06,17:30,22.19,58.92,285.00,,,,,,4.00,8.00,,,,,,,,
2020-04-06,17:45,22.31,58.93,347.00,,,,,,5.00,8.00,,,,,,,,
2020-04-06,18:00,22.54,59.05,20.00,,,,,,7.00,7.00,,,,,,,,
2020-04-06,18:15,22.89,58.57,302.00,,,,,,6.00,7.00,,,,,,,,
2020-04-06,18:30,,,,,,,,,,,,,,,,,,
2020-04-06,18:45,23.61,57.16,461.00,,,,,,6.00,7.00,,,,,,,,
2020-04-06,19:00,24.04,56.45,25.00,,,,,,7.00,7.00,,,,,,,,
2020-04-06,19:15,24.13,56.35,324.00,,,,,,6.00,9.00,,,,,,,,
2020-04-06,19:30,24.29,55.75,261.00,,,,,,7.00,8.00,,,,,,,,
2020-04-06,19:45,24.36,55.68,377.00,,,,,,8.00,9.00,,,,,,,,
2020-04-06,20:00,24.49,55.98,22.00,,,,,,9.00,9.00,,,,,,,,
2020-04-06,20:15,24.50,56.30,298.00,,,,,,9.00,10.00,,,,,,,,
2020-04-06,20:30,24.55,56.30,242.00,,,,,,8.00,11.00,,,,,,,,
2020-04-06,20:45,24.55,56.47,215.00,,,,,,10.00,12.00,,,,,,,,
2020-04-06,21:00,24.54,56.53,18.00,,,,,,12.00,14.00,,,,,,,,
2020-04-06,21:15,24.57,56.06,101.00,,,,,,14.00,16.00,,,,,,,,
2020-04-06,21:30,,,,,,,,,,,,,,,,,,
2020-04-06,21:45,24.58,55.87,269.00,,,,,,7.00,14.00,,,,,,,,
2020-04-06,22:00,24.52,56.13,452.00,,,,,,5.00,9.00,,,,,,,,
2020-04-06,22:15,24.47,56.68,311.00,,,,,,3.00,7.00,,,,,,,,
2020-04-06,22:30,24.44,56.92,337.00,,,,,,2.00,5.00,,,,,,,,
2020-04-06,22:45,24.38,57.04,310.00,,,,,,2.00,3.00,,,,,,,,
2020-04-06,23:00,24.32,56.80,20.00,,,,,,2.00,2.00,,,,,,,,
2020-04-06,23:15,24.34,56.20,250.00,,,,,,2.00,3.00,,,,,,,,
2020-04-06,23:30,24.43,58.09,552.00,,,,,,2.00,4.00,,,,,,,,
2020-04-06,23:45,24.40,59.01,271.00,,,,,,2.00,2.00,,,,,,,,
2020-04-07,00:00,24.40,59.33,257.00,,,,,,2.00,2.00,,,,,,,,
2020-04-07,00:15,24.33,58.97,370.00,,,,,,2.00,2.00,,,,,,,,
2020-04-07,00:30,24.25,58.49,275.00,,,,,,4.00,4.00,,,,,,,,
2020-04-07,00:45,24.20,57.87,216.00,,,,,,3.00,4.00,,,,,,,,
2020-04-07,01:00,24.20,57.29,349.00,,,,,,3.00,4.00,,,,,,,,
2020-04-07,01:15,24.19,57.21,367.00,,,,,,2.00,4.00,,,,,,,,
2020-04-07,01:30,24.14,57.46,25.00,,,,,,2.00,2.00,,,,,,,,
2020-04-07,01:45,24.11,57.11,281.00,,,,,,2.00,3.00,,,,,,,,
2020-04-07,02:00,24.11,56.79,296.00,,,,,,2.00,2.00,,,,,,,,
2020-04-07,02:15,24.07,56.73,240.00,,,,,,1.00,4.00,,,,,,,,
2020-04-07,02:30,24.00,56.06,217.00,,,,,,1.00,1.00,,,,,,,,
2020-04-07,02:45,23.92,54.09,28.00,,,,,,1.00,1.00,,,,,,,,
2020-04-07,03:00,23.88,52.63,24.00,,,,,,1.00,1.00,,,,,,,,
2020-04-07,03:15,23.78,52.32,108.00,,,,,,1.00,1.00,,,,,,,,
2020-04-07,03:30,,,,,,,,,,,,,,,,,,
2020-04-07,03:45,23.60,52.57,29.00,,,,,,1.00,1.00,,,,,,,,
2020-04-07,04:00,23.46,53.30,82.00,,,,,,1.00,1.00,,,,,,,,
2020-04-07,04:15,23.41,53.37,313.00,,,,,,0.00,1.00,,,,,,,,
2020-04-07,04:30,23.33,53.50,26.00,,,,,,0.00,0.00,,,,,,,,
2020-04-07,04:45,23.20,53.00,26.00,,,,,,0.00,0.00,,,,,,,,
2020-04-07,05:00,,,,,,,,,,,,,,,,,,
2020-04-07,05:15,23.10,53.69,31.00,,,,,,0.00,0.00,,,,,,,,
2020-04-07,05:30,,,,,,,,,,,,,,,,,,
2020-04-07,05:45,22.92,53.95,30.00,,,,,,0.00,0.00,,,,,,,,
2020-04-07,06:00,,,,,,,,,,,,,,,,,,
2020-04-07,06:15,22.74,53.45,30.00,,,,,,0.00,0.00,,,,,,,,
2020-04-07,06:30,,,,,,,,,,,,,,,,,,
2020-04-07,06:45,22.59,53.22,30.00,,,,,,0.00,0.00,,,,,,,,
2020-04-07,07:00,22.47,52.86,,,,,,,,,,,,,,,,
2020-04-07,07:15,22.44,52.96,28.00,,,,,,0.00,0.00,,,,,,,,
2020-04-07,07:30,,,,,,,,,,,,,,,,,,
2020-04-07,07:45,22.28,53.23,25.00,,,,,,0.00,0.00,,,,,,,,
2020-04-07,08:00,,,,,,,,,,,,,,,,,,
2020-04-07,08:15,22.16,52.97,99.00,,,,,,0.00,0.00,,,,,,,,
2020-04-07,08:30,,,,,,,,,,,,,,,,,,
2020-04-07,08:45,22.02,52.90,26.00,,,,,,0.00,0.00,,,,,,,,
2020-04-07,09:00,,,,,,,,,,,,,,,,,,
2020-04-07,09:15,21.88,52.92,26.00,,,,,,0.00,0.00,,,,,,,,
2020-04-07,09:30,,,,,,,,,,,,,,,,,,
2020-04-07,09:45,21.72,52.63,25.00,,,,,,0.00,0.00,,,,,,,,
2020-04-07,10:00,21.64,52.34,20.00,,,,,,0.00,0.00,,,,,,,,
2020-04-07,10:15,21.56,52.24,23.00,,,,,,0.00,0.00,,,,,,,,
2020-04-07,10:30,,,,,,,,,,,,,,,,,,
2020-04-07,10:45,21.46,51.74,25.00,,,,,,0.00,0.00,,,,,,,,
2020-04-07,11:00,21.36,51.60,,,,,,,,,,,,,,,,
2020-04-07,11:15,21.36,51.40,25.00,,,,,,0.00,1.00,,,,,,,,
2020-04-07,11:30,,,,,,,,,,,,,,,,,,
2020-04-07,11:45,21.29,51.06,28.00,,,,,,1.00,2.00,,,,,,,,
2020-04-07,12:00,,,,,,,,,,,,,,,,,,
2020-04-07,12:15,21.26,50.84,22.00,,,,,,2.00,3.00,,,,,,,,
2020-04-07,12:30,,,,,,,,,,,,,,,,,,
2020-04-07,12:45,21.29,50.68,24.00,,,,,,2.00,4.00,,,,,,,,
2020-04-07,13:00,21.34,50.62,26.00,,,,,,3.00,4.00,,,,,,,,
2020-04-07,13:15,21.37,50.72,21.00,,,,,,3.00,4.00,,,,,,,,
2020-04-07,13:30,21.44,51.07,332.00,,,,,,3.00,8.00,,,,,,,,
2020-04-07,13:45,21.51,51.72,288.00,,,,,,6.00,13.00,,,,,,,,
2020-04-07,14:00,21.53,52.65,324.00,,,,,,9.00,11.00,,,,,,,,
2020-04-07,14:15,21.61,52.47,389.00,,,,,,8.00,16.00,,,,,,,,
2020-04-07,14:30,21.67,52.58,383.00,,,,,,8.00,14.00,,,,,,,,
2020-04-07,14:45,21.76,52.90,331.00,,,,,,7.00,12.00,,,,,,,,
2020-04-07,15:00,21.84,53.94,283.00,,,,,,6.00,8.00,,,,,,,,
2020-04-07,15:15,21.86,54.05,274.00,,,,,,6.00,11.00,,,,,,,,
2020-04-07,15:30,21.95,53.91,258.00,,,,,,9.00,11.00,,,,,,,,
2020-04-07,15:45,22.06,53.88,312.00,,,,,,8.00,10.00,,,,,,,,
2020-04-07,16:00,22.20,53.99,27.00,,,,,,8.00,10.00,,,,,,,,
2020-04-07,16:15,22.25,54.77,26.00,,,,,,7.00,10.00,,,,,,,,
2020-04-07,16:30,22.35,55.63,25.00,,,,,,5.00,9.00,,,,,,,,
2020-04-07,16:45,22.48,56.36,310.00,,,,,,7.00,9.00,,,,,,,,
2020-04-07,17:00,22.54,56.87,261.00,,,,,,7.00,9.00,,,,,,,,
2020-04-07,17:15,22.56,56.72,315.00,,,,,,8.00,9.00,,,,,,,,
2020-04-07,17:30,22.67,56.83,366.00,,,,,,7.00,9.00,,,,,,,,
2020-04-07,17:45,22.80,56.24,306.00,,,,,,6.00,8.00,,,,,,,,
2020-04-07,18:00,22.84,55.70,,,,,,,,,,,,,,,,
2020-04-07,18:15,22.91,56.54,423.00,,,,,,7.00,9.00,,,,,,,,
2020-04-07,18:30,22.92,57.00,,,,,,,,,,,,,,,,
2020-04-07,18:45,23.03,57.00,336.00,,,,,,5.00,9.00,,,,,,,,
2020-04-07,19:00,23.06,57.20,,,,,,,,,,,,,,,,
2020-04-07,19:15,23.09,57.09,178.00,,,,,,5.00,7.00,,,,,,,,
2020-04-07,19:30,23.14,56.56,22.00,,,,,,6.00,7.00,,,,,,,,
2020-04-07,19:45,23.18,56.77,407.00,,,,,,5.00,7.00,,,,,,,,
2020-04-07,20:00,23.26,57.80,18.00,,,,,,6.00,7.00,,,,,,,,
2020-04-07,20:15,23.33,57.37,369.00,,,,,,5.00,7.00,,,,,,,,
2020-04-07,20:30,23.34,56.75,281.00,,,,,,5.00,8.00,,,,,,,,
2020-04-07,20:45,23.51,57.00,266.00,,,,,,6.00,12.00,,,,,,,,
2020-04-07,21:00,23.56,56.57,22.00,,,,,,10.00,14.00,,,,,,,,
2020-04-07,21:15,23.68,56.55,301.00,,,,,,11.00,15.00,,,,,,,,
2020-04-07,21:30,23.80,56.39,342.00,,,,,,12.00,15.00,,,,,,,,
2020-04-07,21:45,23.90,56.36,421.00,,,,,,6.00,13.00,,,,,,,,
2020-04-07,22:00,23.96,56.38,294.00,,,,,,5.00,9.00,,,,,,,,
2020-04-07,22:15,24.02,56.18,303.00,,,,,,3.00,5.00,,,,,,,,
2020-04-07,22:30,24.01,56.23,355.00,,,,,,3.00,3.00,,,,,,,,
2020-04-07,22:45,24.08,56.68,281.00,,,,,,2.00,3.00,,,,,,,,
2020-04-07,23:00,24.13,58.30,239.00,,,,,,2.00,3.00,,,,,,,,
2020-04-07,23:15,24.19,58.98,327.00,,,,,,2.00,4.00,,,,,,,,
2020-04-07,23:30,24.20,58.88,354.00,,,,,,2.00,2.00,,,,,,,,
2020-04-07,23:45,24.19,58.65,296.00,,,,,,2.00,4.00,,,,,,,,
2020-04-08,00:00,24.17,58.15,307.00,,,,,,2.00,4.00,,,,,,,,
2020-04-08,00:15,24.09,58.39,336.00,,,,,,2.00,2.00,,,,,,,,
2020-04-08,00:30,24.03,58.37,375.00,,,,,,2.00,2.00,,,,,,,,
2020-04-08,00:45,23.99,58.16,289.00,,,,,,2.00,2.00,,,,,,,,
2020-04-08,01:00,23.98,58.10,24.00,,,,,,2.00,2.00,,,,,,,,
2020-04-08,01:15,23.96,58.54,421.00,,,,,,2.00,3.00,,,,,,,,
2020-04-08,01:30,23.93,58.73,228.00,,,,,,2.00,2.00,,,,,,,,
2020-04-08,01:45,23.90,58.42,271.00,,,,,,2.00,2.00,,,,,,,,
2020-04-08,02:00,23.82,58.18,34.00,,,,,,2.00,2.00,,,,,,,,
2020-04-08,02:15,23.77,57.70,751.00,,,,,,2.00,4.00,,,,,,,,
2020-04-08,02:30,23.73,58.00,438.00,,,,,,1.00,2.00,,,,,,,,
2020-04-08,02:45,23.67,56.86,28.00,,,,,,1.00,1.00,,,,,,,,
2020-04-08,03:00,23.67,56.70,,,,,,,,,,,,,,,,
2020-04-08,03:15,23.63,56.32,433.00,,,,,,0.00,1.00,,,,,,,,
2020-04-08,03:30,,,,,,,,,,,,,,,,,,
2020-04-08,03:45,23.56,53.94,89.00,,,,,,0.00,0.00,,,,,,,,
2020-04-08,04:00,,,,,,,,,,,,,,,,,,
2020-04-08,04:15,23.56,52.27,28.00,,,,,,0.00,0.00,,,,,,,,
2020-04-08,04:30,,,,,,,,,,,,,,,,,,
2020-04-08,04:45,23.42,51.55,35.00,,,,,,0.00,0.00,,,,,,,,
2020-04-08,05:00,23.32,51.30,31.00,,,,,,0.00,0.00,,,,,,,,
2020-04-08,05:15,23.25,51.20,26.00,,,,,,0.00,0.00,,,,,,,,
2020-04-08,05:30,,,,,,,,,,,,,,,,,,
2020-04-08,05:45,23.13,51.27,28.00,,,,,,0.00,0.00,,,,,,,,
2020-04-08,06:00,23.05,51.12,,,,,,,,,,,,,,,,
2020-04-08,06:15,23.00,51.09,87.00,,,,,,0.00,0.00,,,,,,,,
2020-04-08,06:30,22.95,51.17,254.00,,,,,,0.00,0.00,,,,,,,,
2020-04-08,06:45,22.85,50.72,22.00,,,,,,0.00,0.00,,,,,,,,
2020-04-08,07:00,22.77,50.94,25.00,,,,,,0.00,0.00,,,,,,,,
2020-04-08,07:15,22.74,51.34,24.00,,,,,,0.00,0.00,,,,,,,,
2020-04-08,07:30,,,,,,,,,,,,,,,,,,
2020-04-08,07:45,22.66,50.95,28.00,,,,,,0.00,0.00,,,,,,,,
2020-04-08,08:00,22.56,50.63,20.00,,,,,,0.00,0.00,,,,,,,,
2020-04-08,08:15,22.52,51.07,25.00,,,,,,0.00,0.00,,,,,,,,
2020-04-08,08:30,,,,,,,,,,,,,,,,,,
2020-04-08,08:45,22.45,51.68,34.00,,,,,,0.00,0.00,,,,,,,,
2020-04-08,09:00,22.37,52.00,24.00,,,,,,0.00,0.00,,,,,,,,
2020-04-08,09:15,22.30,52.28,24.00,,,,,,0.00,0.00,,,,,,,,
2020-04-08,09:30,,,,,,,,,,,,,,,,,,
2020-04-08,09:45,22.21,52.37,30.00,,,,,,0.00,0.00,,,,,,,,
2020-04-08,10:00,22.10,52.41,,,,,,,,,,,,,,,,
2020-04-08,10:15,22.10,52.67,22.00,,,,,,0.00,0.00,,,,,,,,
2020-04-08,10:30,,,,,,,,,,,,,,,,,,
2020-04-08,10:45,22.05,52.83,29.00,,,,,,0.00,0.00,,,,,,,,
2020-04-08,11:00,22.00,52.90,,,,,,,,,,,,,,,,
2020-04-08,11:15,22.03,52.83,26.00,,,,,,0.00,0.00,,,,,,,,
2020-04-08,11:30,,,,,,,,,,,,,,,,,,
2020-04-08,11:45,21.93,53.09,29.00,,,,,,0.00,0.00,,,,,,,,
2020-04-08,12:00,21.87,53.30,22.00,,,,,,0.00,1.00,,,,,,,,
2020-04-08,12:15,21.87,53.12,20.00,,,,,,0.00,1.00,,,,,,,,
2020-04-08,12:30,,,,,,,,,,,,,,,,,,
2020-04-08,12:45,21.83,53.14,28.00,,,,,,1.00,2.00,,,,,,,,
2020-04-08,13:00,21.82,53.24,338.00,,,,,,1.00,1.00,,,,,,,,
2020-04-08,13:15,21.81,53.41,23.00,,,,,,1.00,1.00,,,,,,,,
2020-04-08,13:30,,,,,,,,,,,,,,,,,,
2020-04-08,13:45,21.73,53.66,25.00,,,,,,1.00,4.00,,,,,,,,
2020-04-08,14:00,21.69,53.89,22.00,,,,,,4.00,4.00,,,,,,,,
2020-04-08,14:15,21.74,54.47,303.00,,,,,,3.00,8.00,,,,,,,,
2020-04-08,14:30,21.79,55.32,445.00,,,,,,6.00,8.00,,,,,,,,
2020-04-08,14:45,21.88,56.40,303.00,,,,,,6.00,7.00,,,,,,,,
2020-04-08,15:00,21.91,57.37,301.00,,,,,,5.00,8.00,,,,,,,,
2020-04-08,15:15,22.04,57.26,483.00,,,,,,7.00,9.00,,,,,,,,
2020-04-08,15:30,22.12,57.35,395.00,,,,,,7.00,12.00,,,,,,,,
2020-04-08,15:45,22.17,58.07,298.00,,,,,,6.00,11.00,,,,,,,,
2020-04-08,16:00,22.19,58.13,79.00,,,,,,8.00,11.00,,,,,,,,
2020-04-08,16:15,22.26,58.22,504.00,,,,,,6.00,11.00,,,,,,,,
2020-04-08,16:30,22.33,60.11,314.00,,,,,,8.00,11.00,,,,,,,,
2020-04-08,16:45,22.28,62.69,319.00,,,,,,7.00,10.00,,,,,,,,
2020-04-08,17:00,22.25,59.56,212.00,,,,,,8.00,8.00,,,,,,,,
2020-04-08,17:15,22.28,58.64,352.00,,,,,,7.00,8.00,,,,,,,,
2020-04-08,17:30,22.45,58.96,311.00,,,,,,6.00,8.00,,,,,,,,
2020-04-08,17:45,22.62,58.79,345.00,,,,,,6.00,8.00,,,,,,,,
2020-04-08,18:00,22.71,59.65,327.00,,,,,,6.00,7.00,,,,,,,,
2020-04-08,18:15,22.75,59.79,309.00,,,,,,4.00,6.00,,,,,,,,
2020-04-08,18:30,22.83,57.83,526.00,,,,,,5.00,12.00,,,,,,,,
2020-04-08,18:45,22.90,56.84,293.00,,,,,,4.00,12.00,,,,,,,,
2020-04-08,19:00,22.96,56.85,363.00,,,,,,4.00,7.00,,,,,,,,
2020-04-08,19:15,22.94,57.78,279.00,,,,,,4.00,11.00,,,,,,,,
2020-04-08,19:30,23.02,59.18,403.00,,,,,,4.00,12.00,,,,,,,,
2020-04-08,19:45,23.04,57.97,21.00,,,,,,4.00,9.00,,,,,,,,
2020-04-08,20:00,23.06,57.66,26.00,,,,,,3.00,8.00,,,,,,,,
2020-04-08,20:15,23.06,57.05,525.00,,,,,,2.00,7.00,,,,,,,,
2020-04-08,20:30,23.08,56.41,290.00,,,,,,2.00,4.00,,,,,,,,
2020-04-08,20:45,23.13,56.00,242.00,,,,,,4.00,13.00,,,,,,,,
2020-04-08,21:00,23.15,55.30,21.00,,,,,,4.00,14.00,,,,,,,,
2020-04-08,21:15,23.25,55.00,310.00,,,,,,5.00,18.00,,,,,,,,
2020-04-08,21:30,23.37,54.71,356.00,,,,,,14.00,18.00,,,,,,,,
2020-04-08,21:45,23.44,54.40,209.00,,,,,,10.00,14.00,,,,,,,,
2020-04-08,22:00,23.46,54.46,250.00,,,,,,8.00,10.00,,,,,,,,
2020-04-08,22:15,23.48,54.69,255.00,,,,,,4.00,8.00,,,,,,,,
2020-04-08,22:30,23.57,54.55,332.00,,,,,,4.00,6.00,,,,,,,,
2020-04-08,22:45,23.68,54.85,387.00,,,,,,3.00,3.00,,,,,,,,
2020-04-08,23:00,23.75,55.52,303.00,,,,,,2.00,3.00,,,,,,,,
2020-04-08,23:15,23.75,56.02,425.00,,,,,,2.00,4.00,,,,,,,,
2020-04-08,23:30,23.73,56.21,354.00,,,,,,2.00,4.00,,,,,,,,
2020-04-08,23:45,23.68,56.24,310.00,,,,,,2.00,4.00,,,,,,,,
2020-04-09,00:00,23.62,56.60,26.00,,,,,,2.00,2.00,,,,,,,,
2020-04-09,00:15,,,,,,,,,,,,,,,,,,
2020-04-09,00:30,23.59,56.60,27.00,,,,,,2.00,2.00,,,,,,,,
2020-04-09,00:45,23.56,56.74,289.00,,,,,,2.00,2.00,,,,,,,,
2020-04-09,01:00,23.57,56.68,338.00,,,,,,2.00,2.00,,,,,,,,
2020-04-09,01:15,23.52,56.86,340.00,,,,,,2.00,2.00,,,,,,,,
2020-04-09,01:30,23.44,57.04,22.00,,,,,,2.00,2.00,,,,,,,,
2020-04-09,01:45,23.41,57.11,271.00,,,,,,2.00,4.00,,,,,,,,
2020-04-09,02:00,,,,,,,,,,,,,,,,,,
2020-04-09,02:15,23.42,57.15,337.00,,,,,,2.00,4.00,,,,,,,,
2020-04-09,02:30,23.43,57.18,256.00,,,,,,2.00,4.00,,,,,,,,
2020-04-09,02:45,23.40,56.78,222.00,,,,,,0.00,2.00,,,,,,,,
2020-04-09,03:00,23.29,57.17,24.00,,,,,,0.00,0.00,,,,,,,,
2020-04-09,03:15,,,,,,,,,,,,,,,,,,
2020-04-09,03:30,23.15,56.34,90.00,,,,,,0.00,0.00,,,,,,,,
2020-04-09,03:45,23.02,55.11,31.00,,,,,,0.00,0.00,,,,,,,,
2020-04-09,04:00,23.03,54.64,21.00,,,,,,0.00,0.00,,,,,,,,
2020-04-09,04:15,23.04,54.22,36.00,,,,,,0.00,0.00,,,,,,,,
2020-04-09,04:30,22.97,54.24,177.00,,,,,,0.00,0.00,,,,,,,,
2020-04-09,04:45,22.86,54.27,30.00,,,,,,0.00,0.00,,,,,,,,
2020-04-09,05:00,22.77,54.32,25.00,,,,,,0.00,0.00,,,,,,,,
2020-04-09,05:15,,,,,,,,,,,,,,,,,,
2020-04-09,05:30,22.63,54.52,361.00,,,,,,0.00,0.00,,,,,,,,
2020-04-09,05:45,22.50,54.37,22.00,,,,,,0.00,0.00,,,,,,,,
2020-04-09,06:00,22.40,54.44,27.00,,,,,,0.00,0.00,,,,,,,,
2020-04-09,06:15,22.34,54.53,21.00,,,,,,0.00,0.00,,,,,,,,
2020-04-09,06:30,22.27,54.39,24.00,,,,,,0.00,0.00,,,,,,,,
2020-04-09,06:45,22.14,54.26,32.00,,,,,,0.00,0.00,,,,,,,,
2020-04-09,07:00,22.07,54.30,,,,,,,,,,,,,,,,
2020-04-09,07:15,22.03,54.22,24.00,,,,,,0.00,0.00,,,,,,,,
2020-04-09,07:30,21.93,54.08,23.00,,,,,,0.00,0.00,,,,,,,,
2020-04-09,07:45,21.83,54.24,27.00,,,,,,0.00,0.00,,,,,,,,
2020-04-09,08:00,,,,,,,,,,,,,,,,,,
2020-04-09,08:15,21.77,54.10,23.00,,,,,,0.00,0.00,,,,,,,,
2020-04-09,08:30,21.64,53.94,28.00,,,,,,0.00,0.00,,,,,,,,
2020-04-09,08:45,21.54,53.87,24.00,,,,,,0.00,0.00,,,,,,,,
2020-04-09,09:00,21.49,53.88,24.00,,,,,,0.00,0.00,,,,,,,,
2020-04-09,09:15,21.44,53.66,23.00,,,,,,0.00,0.00,,,,,,,,
2020-04-09,09:30,21.37,53.60,22.00,,,,,,0.00,0.00,,,,,,,,
2020-04-09,09:45,21.30,53.45,21.00,,,,,,0.00,0.00,,,,,,,,
2020-04-09,10:00,21.26,53.32,23.00,,,,,,,,,,,,,,,
2020-04-09,10:15,21.19,53.23,22.00,,,,,,0.00,0.00,,,,,,,,
2020-04-09,10:30,21.14,53.10,25.00,,,,,,0.00,0.00,,,,,,,,
2020-04-09,10:45,21.07,53.05,27.00,,,,,,0.00,0.00,,,,,,,,
2020-04-09,11:00,21.01,53.17,,,,,,,,,,,,,,,,
2020-04-09,11:15,20.98,53.15,32.00,,,,,,0.00,0.00,,,,,,,,
2020-04-09,11:30,20.99,52.96,27.00,,,,,,0.00,0.00,,,,,,,,
2020-04-09,11:45,20.98,52.98,32.00,,,,,,0.00,0.00,,,,,,,,
2020-04-09,12:00,,,,,,,,,,,,,,,,,,
2020-04-09,12:15,20.93,53.14,23.00,,,,,,0.00,0.00,,,,,,,,
2020-04-09,12:30,20.89,53.00,28.00,,,,,,0.00,0.00,,,,,,,,
2020-04-09,12:45,20.83,53.15,373.00,,,,,,0.00,0.00,,,,,,,,
2020-04-09,13:00,20.83,53.19,22.00,,,,,,0.00,0.00,,,,,,,,
2020-04-09,13:15,,,,,,,,,,,,,,,,,,
2020-04-09,13:30,20.78,52.93,26.00,,,,,,0.00,1.00,,,,,,,,
2020-04-09,13:45,20.74,52.90,28.00,,,,,,0.00,1.00,,,,,,,,
2020-04-09,14:00,20.80,52.66,433.00,,,,,,1.00,3.00,,,,,,,,
2020-04-09,14:15,21.18,50.76,434.00,,,,,,2.00,5.00,,,,,,,,
2020-04-09,14:30,21.90,48.84,280.00,,,,,,2.00,5.00,,,,,,,,
2020-04-09,14:45,22.29,50.79,311.00,,,,,,2.00,5.00,,,,,,,,
2020-04-09,15:00,22.10,52.89,340.00,,,,,,2.00,5.00,,,,,,,,
2020-04-09,15:15,21.98,52.99,335.00,,,,,,3.00,8.00,,,,,,,,
2020-04-09,15:30,21.92,53.14,512.00,,,,,,4.00,6.00,,,,,,,,
2020-04-09,15:45,21.81,53.97,413.00,,,,,,3.00,9.00,,,,,,,,
2020-04-09,16:00,21.77,54.58,207.00,,,,,,4.00,8.00,,,,,,,,
2020-04-09,16:15,21.73,54.60,47.00,,,,,,3.00,7.00,,,,,,,,
2020-04-09,16:30,21.75,55.00,371.00,,,,,,5.00,10.00,,,,,,,,
2020-04-09,16:45,21.83,55.61,355.00,,,,,,3.00,6.00,,,,,,,,
2020-04-09,17:00,21.89,55.54,324.00,,,,,,2.00,6.00,,,,,,,,
2020-04-09,17:15,22.29,53.31,26.00,,,,,,2.00,5.00,,,,,,,,
2020-04-09,17:30,22.37,55.04,407.00,,,,,,2.00,4.00,,,,,,,,
2020-04-09,17:45,22.41,55.01,314.00,,,,,,2.00,4.00,,,,,,,,
2020-04-09,18:00,22.35,55.19,282.00,,,,,,3.00,4.00,,,,,,,,
2020-04-09,18:15,22.33,55.17,348.00,,,,,,3.00,5.00,,,,,,,,
2020-04-09,18:30,22.36,56.00,383.00,,,,,,3.00,6.00,,,,,,,,
2020-04-09,18:45,22.29,55.92,298.00,,,,,,4.00,9.00,,,,,,,,
2020-04-09,19:00,22.29,56.05,253.00,,,,,,3.00,5.00,,,,,,,,
2020-04-09,19:15,22.26,55.46,324.00,,,,,,3.00,5.00,,,,,,,,
2020-04-09,19:30,,,,,,,,,,,,,,,,,,
2020-04-09,19:45,22.10,55.03,308.00,,,,,,4.00,9.00,,,,,,,,
2020-04-09,20:00,22.05,54.95,297.00,,,,,,4.00,10.00,,,,,,,,
2020-04-09,20:15,22.05,54.29,28.00,,,,,,2.00,10.00,,,,,,,,
2020-04-09,20:30,,,,,,,,,,,,,,,,,,
2020-04-09,20:45,22.04,53.31,267.00,,,,,,2.00,13.00,,,,,,,,
2020-04-09,21:00,22.13,53.60,287.00,,,,,,3.00,14.00,,,,,,,,
2020-04-09,21:15,22.21,54.28,383.00,,,,,,3.00,16.00,,,,,,,,
2020-04-09,21:30,22.28,54.46,282.00,,,,,,3.00,17.00,,,,,,,,
2020-04-09,21:45,22.29,54.43,294.00,,,,,,2.00,15.00,,,,,,,,
2020-04-09,22:00,22.36,54.94,494.00,,,,,,2.00,10.00,,,,,,,,
2020-04-09,22:15,22.35,54.96,331.00,,,,,,3.00,9.00,,,,,,,,
2020-04-09,22:30,22.27,55.57,296.00,,,,,,3.00,5.00,,,,,,,,
2020-04-09,22:45,22.24,56.44,470.00,,,,,,2.00,4.00,,,,,,,,
2020-04-09,23:00,22.26,55.69,441.00,,,,,,3.00,4.00,,,,,,,,
2020-04-09,23:15,22.24,57.11,420.00,,,,,,2.00,3.00,,,,,,,,
2020-04-09,23:30,22.21,57.14,321.00,,,,,,2.00,4.00,,,,,,,,
2020-04-09,23:45,22.14,57.29,414.00,,,,,,2.00,4.00,,,,,,,,
2020-04-10,00:00,22.09,57.07,322.00,,,,,,2.00,4.00,,,,,,,,
2020-04-10,00:15,22.05,56.69,467.00,,,,,,2.00,4.00,,,,,,,,
2020-04-10,00:30,22.00,56.37,292.00,,,,,,2.00,2.00,,,,,,,,
2020-04-10,00:45,21.96,55.68,374.00,,,,,,2.00,2.00,,,,,,,,
2020-04-10,01:00,21.94,55.48,32.00,,,,,,2.00,2.00,,,,,,,,
2020-04-10,01:15,,,,,,,,,,,,,,,,,,
2020-04-10,01:30,21.83,55.32,375.00,,,,,,2.00,4.00,,,,,,,,
2020-04-10,01:45,21.72,55.07,24.00,,,,,,2.00,2.00,,,,,,,,
2020-04-10,02:00,21.67,55.02,25.00,,,,,,2.00,4.00,,,,,,,,
2020-04-10,02:15,21.65,54.54,23.00,,,,,,2.00,3.00,,,,,,,,
2020-04-10,02:30,21.58,54.34,34.00,,,,,,2.00,2.00,,,,,,,,
2020-04-10,02:45,21.55,54.49,480.00,,,,,,0.00,3.00,,,,,,,,
2020-04-10,03:00,21.46,53.98,49.00,,,,,,1.00,1.00,,,,,,,,
2020-04-10,03:15,,,,,,,,,,,,,,,,,,
2020-04-10,03:30,21.27,53.26,25.00,,,,,,1.00,1.00,,,,,,,,
2020-04-10,03:45,21.13,52.51,108.00,,,,,,1.00,1.00,,,,,,,,
2020-04-10,04:00,21.11,51.84,35.00,,,,,,1.00,1.00,,,,,,,,
2020-04-10,04:15,21.03,52.06,280.00,,,,,,0.00,1.00,,,,,,,,
2020-04-10,04:30,,,,,,,,,,,,,,,,,,
2020-04-10,04:45,20.92,52.20,26.00,,,,,,0.00,0.00,,,,,,,,
2020-04-10,05:00,21.03,51.69,36.00,,,,,,0.00,0.00,,,,,,,,
2020-04-10,05:15,21.32,50.66,31.00,,,,,,0.00,0.00,,,,,,,,
2020-04-10,05:30,21.24,50.50,,,,,,,,,,,,,,,,
2020-04-10,05:45,21.09,50.68,33.00,,,,,,0.00,0.00,,,,,,,,
2020-04-10,06:00,21.26,50.55,30.00,,,,,,0.00,0.00,,,,,,,,
2020-04-10,06:15,21.37,50.04,24.00,,,,,,0.00,0.00,,,,,,,,
2020-04-10,06:30,,,,,,,,,,,,,,,,,,
2020-04-10,06:45,21.15,50.08,23.00,,,,,,0.00,0.00,,,,,,,,
2020-04-10,07:00,21.03,50.10,20.00,,,,,,,,,,,,,,,
2020-04-10,07:15,20.91,50.28,28.00,,,,,,0.00,0.00,,,,,,,,
2020-04-10,07:30,,,,,,,,,,,,,,,,,,
2020-04-10,07:45,20.78,50.10,26.00,,,,,,0.00,0.00,,,,,,,,
2020-04-10,08:00,21.00,49.76,268.00,,,,,,0.00,0.00,,,,,,,,
2020-04-10,08:15,21.34,49.01,88.00,,,,,,0.00,0.00,,,,,,,,
2020-04-10,08:30,21.34,48.43,27.00,,,,,,0.00,0.00,,,,,,,,
2020-04-10,08:45,21.06,48.57,25.00,,,,,,0.00,0.00,,,,,,,,
2020-04-10,09:00,20.93,48.92,24.00,,,,,,0.00,0.00,,,,,,,,
2020-04-10,09:15,21.14,48.90,25.00,,,,,,0.00,0.00,,,,,,,,
2020-04-10,09:30,21.25,48.06,28.00,,,,,,0.00,0.00,,,,,,,,
2020-04-10,09:45,20.96,48.15,23.00,,,,,,0.00,0.00,,,,,,,,
2020-04-10,10:00,20.79,48.67,27.00,,,,,,0.00,0.00,,,,,,,,
2020-04-10,10:15,21.11,48.32,25.00,,,,,,0.00,0.00,,,,,,,,
2020-04-10,10:30,21.41,47.50,,,,,,,,,,,,,,,,
2020-04-10,10:45,21.22,46.98,32.00,,,,,,0.00,1.00,,,,,,,,
2020-04-10,11:00,20.97,47.25,26.00,,,,,,1.00,1.00,,,,,,,,
2020-04-10,11:15,21.22,47.58,26.00,,,,,,1.00,2.00,,,,,,,,
2020-04-10,11:30,21.34,46.63,21.00,,,,,,2.00,2.00,,,,,,,,
2020-04-10,11:45,21.05,46.84,30.00,,,,,,2.00,4.00,,,,,,,,
2020-04-10,12:00,20.85,47.51,29.00,,,,,,1.00,4.00,,,,,,,,
2020-04-10,12:15,,,,,,,,,,,,,,,,,,
2020-04-10,12:30,20.77,47.52,30.00,,,,,,2.00,5.00,,,,,,,,
2020-04-10,12:45,21.09,47.27,23.00,,,,,,2.00,7.00,,,,,,,,
2020-04-10,13:00,21.31,46.29,26.00,,,,,,2.00,5.00,,,,,,,,
2020-04-10,13:15,21.18,45.83,21.00,,,,,,2.00,3.00,,,,,,,,
2020-04-10,13:30,21.02,47.01,404.00,,,,,,1.00,5.00,,,,,,,,
2020-04-10,13:45,20.86,48.71,359.00,,,,,,2.00,4.00,,,,,,,,
2020-04-10,14:00,20.78,49.99,522.00,,,,,,3.00,4.00,,,,,,,,
2020-04-10,14:15,20.73,50.09,32.00,,,,,,4.00,5.00,,,,,,,,
2020-04-10,14:30,21.02,48.61,354.00,,,,,,4.00,7.00,,,,,,,,
2020-04-10,14:45,21.11,48.71,431.00,,,,,,3.00,5.00,,,,,,,,
2020-04-10,15:00,21.20,48.16,335.00,,,,,,5.00,8.00,,,,,,,,
2020-04-10,15:15,21.38,47.48,328.00,,,,,,6.00,12.00,,,,,,,,
2020-04-10,15:30,,,,,,,,,,,,,,,,,,
2020-04-10,15:45,21.14,47.84,352.00,,,,,,5.00,7.00,,,,,,,,
2020-04-10,16:00,,,,,,,,,,,,,,,,,,
2020-04-10,16:15,21.06,49.63,395.00,,,,,,5.00,10.00,,,,,,,,
2020-04-10,16:30,21.06,50.93,337.00,,,,,,4.00,6.00,,,,,,,,
2020-04-10,16:45,20.92,50.31,302.00,,,,,,4.00,6.00,,,,,,,,
2020-04-10,17:00,20.81,49.88,255.00,,,,,,6.00,9.00,,,,,,,,
2020-04-10,17:15,20.86,49.79,340.00,,,,,,6.00,10.00,,,,,,,,
2020-04-10,17:30,20.95,50.97,373.00,,,,,,4.00,11.00,,,,,,,,
2020-04-10,17:45,21.11,52.86,364.00,,,,,,4.00,6.00,,,,,,,,
2020-04-10,18:00,21.14,52.33,26.00,,,,,,5.00,9.00,,,,,,,,
2020-04-10,18:15,,,,,,,,,,,,,,,,,,
2020-04-10,18:30,21.12,51.61,28.00,,,,,,4.00,12.00,,,,,,,,
2020-04-10,18:45,21.11,51.21,37.00,,,,,,4.00,9.00,,,,,,,,
2020-04-10,19:00,21.07,51.00,24.00,,,,,,3.00,5.00,,,,,,,,
2020-04-10,19:15,21.12,51.85,417.00,,,,,,4.00,9.00,,,,,,,,
2020-04-10,19:30,21.19,52.66,407.00,,,,,,6.00,11.00,,,,,,,,
2020-04-10,19:45,21.17,52.78,550.00,,,,,,6.00,11.00,,,,,,,,
2020-04-10,20:00,21.16,52.53,305.00,,,,,,7.00,9.00,,,,,,,,
2020-04-10,20:15,21.13,51.47,306.00,,,,,,6.00,9.00,,,,,,,,
2020-04-10,20:30,,,,,,,,,,,,,,,,,,
2020-04-10,20:45,21.07,50.57,26.00,,,,,,3.00,7.00,,,,,,,,
2020-04-10,21:00,21.03,50.10,27.00,,,,,,5.00,16.00,,,,,,,,
2020-04-10,21:15,21.04,49.91,354.00,,,,,,3.00,21.00,,,,,,,,
2020-04-10,21:30,21.06,49.58,22.00,,,,,,4.00,21.00,,,,,,,,
2020-04-10,21:45,21.05,49.41,29.00,,,,,,2.00,4.00,,,,,,,,
2020-04-10,22:00,20.99,49.16,27.00,,,,,,3.00,4.00,,,,,,,,
2020-04-10,22:15,20.96,48.96,348.00,,,,,,2.00,3.00,,,,,,,,
2020-04-10,22:30,20.91,48.71,250.00,,,,,,2.00,3.00,,,,,,,,
2020-04-10,22:45,20.90,48.41,295.00,,,,,,1.00,3.00,,,,,,,,
2020-04-10,23:00,20.97,49.55,472.00,,,,,,2.00,3.00,,,,,,,,
2020-04-10,23:15,20.97,49.81,319.00,,,,,,2.00,3.00,,,,,,,,
2020-04-10,23:30,20.97,50.11,308.00,,,,,,2.00,2.00,,,,,,,,
2020-04-10,23:45,21.00,51.35,343.00,,,,,,2.00,2.00,,,,,,,,
2020-04-11,00:00,21.10,55.11,352.00,,,,,,2.00,4.00,,,,,,,,
2020-04-11,00:15,21.12,56.09,349.00,,,,,,2.00,2.00,,,,,,,,
2020-04-11,00:30,21.04,55.81,347.00,,,,,,2.00,4.00,,,,,,,,
2020-04-11,00:45,20.94,55.30,378.00,,,,,,2.00,4.00,,,,,,,,
2020-04-11,01:00,,,,,,,,,,,,,,,,,,
2020-04-11,01:15,20.87,56.43,380.00,,,,,,2.00,4.00,,,,,,,,
2020-04-11,01:30,20.76,55.56,403.00,,,,,,2.00,4.00,,,,,,,,
2020-04-11,01:45,21.16,52.53,366.00,,,,,,1.00,4.00,,,,,,,,
2020-04-11,02:00,21.33,52.65,262.00,,,,,,1.00,4.00,,,,,,,,
2020-04-11,02:15,21.21,53.13,374.00,,,,,,1.00,3.00,,,,,,,,
2020-04-11,02:30,21.04,52.89,26.00,,,,,,1.00,1.00,,,,,,,,
2020-04-11,02:45,20.91,52.76,97.00,,,,,,1.00,1.00,,,,,,,,
2020-04-11,03:00,20.84,52.71,24.00,,,,,,1.00,1.00,,,,,,,,
2020-04-11,03:15,20.76,52.36,217.00,,,,,,0.00,1.00,,,,,,,,
2020-04-11,03:30,20.94,51.35,23.00,,,,,,0.00,0.00,,,,,,,,
2020-04-11,03:45,21.18,51.22,29.00,,,,,,0.00,0.00,,,,,,,,
2020-04-11,04:00,21.06,51.63,25.00,,,,,,0.00,0.00,,,,,,,,
2020-04-11,04:15,20.85,51.90,129.00,,,,,,0.00,0.00,,,,,,,,
2020-04-11,04:30,20.90,50.65,36.00,,,,,,0.00,0.00,,,,,,,,
2020-04-11,04:45,21.27,49.21,434.00,,,,,,0.00,0.00,,,,,,,,
2020-04-11,05:00,21.03,48.74,28.00,,,,,,0.00,0.00,,,,,,,,
2020-04-11,05:15,20.84,49.31,25.00,,,,,,0.00,0.00,,,,,,,,
2020-04-11,05:30,21.02,49.00,28.00,,,,,,0.00,0.00,,,,,,,,
2020-04-11,05:45,21.14,47.73,32.00,,,,,,0.00,0.00,,,,,,,,
2020-04-11,06:00,21.23,47.98,21.00,,,,,,0.00,0.00,,,,,,,,
2020-04-11,06:15,21.37,47.00,25.00,,,,,,0.00,0.00,,,,,,,,
2020-04-11,06:30,21.14,46.39,21.00,,,,,,0.00,0.00,,,,,,,,
2020-04-11,06:45,20.89,46.95,26.00,,,,,,0.00,0.00,,,,,,,,
2020-04-11,07:00,20.78,47.13,25.00,,,,,,0.00,0.00,,,,,,,,
2020-04-11,07:15,20.74,46.87,26.00,,,,,,0.00,0.00,,,,,,,,
2020-04-11,07:30,21.01,46.79,24.00,,,,,,0.00,0.00,,,,,,,,
2020-04-11,07:45,21.01,45.45,25.00,,,,,,0.00,0.00,,,,,,,,
2020-04-11,08:00,21.14,46.09,82.00,,,,,,0.00,0.00,,,,,,,,
2020-04-11,08:15,21.24,45.04,22.00,,,,,,0.00,0.00,,,,,,,,
2020-04-11,08:30,20.95,44.46,23.00,,,,,,0.00,0.00,,,,,,,,
2020-04-11,08:45,20.76,44.98,26.00,,,,,,0.00,0.00,,,,,,,,
2020-04-11,09:00,21.06,45.59,23.00,,,,,,0.00,0.00,,,,,,,,
2020-04-11,09:15,21.12,44.42,30.00,,,,,,0.00,0.00,,,,,,,,
2020-04-11,09:30,20.79,43.97,22.00,,,,,,0.00,0.00,,,,,,,,
2020-04-11,09:45,21.12,44.96,27.00,,,,,,0.00,0.00,,,,,,,,
2020-04-11,10:00,21.30,43.49,26.00,,,,,,0.00,0.00,,,,,,,,
2020-04-11,10:15,,,,,,,,,,,,,,,,,,
2020-04-11,10:30,20.90,43.10,25.00,,,,,,0.00,0.00,,,,,,,,
2020-04-11,10:45,21.08,44.32,25.00,,,,,,0.00,1.00,,,,,,,,
2020-04-11,11:00,21.15,42.67,28.00,,,,,,1.00,1.00,,,,,,,,
2020-04-11,11:15,20.83,42.95,25.00,,,,,,1.00,2.00,,,,,,,,
2020-04-11,11:30,21.03,44.19,35.00,,,,,,2.00,2.00,,,,,,,,
2020-04-11,11:45,21.23,42.89,23.00,,,,,,2.00,3.00,,,,,,,,
2020-04-11,12:00,20.97,42.88,23.00,,,,,,3.00,3.00,,,,,,,,
2020-04-11,12:15,20.81,43.24,27.00,,,,,,2.00,3.00,,,,,,,,
2020-04-11,12:30,20.97,43.61,27.00,,,,,,3.00,3.00,,,,,,,,
2020-04-11,12:45,21.35,42.47,25.00,,,,,,3.00,3.00,,,,,,,,
2020-04-11,13:00,21.08,42.23,22.00,,,,,,3.00,4.00,,,,,,,,
2020-04-11,13:15,20.92,42.82,292.00,,,,,,3.00,4.00,,,,,,,,
2020-04-11,13:30,20.82,42.96,32.00,,,,,,3.00,3.00,,,,,,,,
2020-04-11,13:45,21.25,43.21,28.00,,,,,,3.00,4.00,,,,,,,,
2020-04-11,14:00,21.43,42.98,26.00,,,,,,2.00,4.00,,,,,,,,
2020-04-11,14:15,,,,,,,,,,,,,,,,,,
2020-04-11,14:30,21.28,42.86,68.00,,,,,,4.00,8.00,,,,,,,,
2020-04-11,14:45,21.20,44.37,374.00,,,,,,6.00,8.00,,,,,,,,
2020-04-11,15:00,21.20,45.49,570.00,,,,,,6.00,8.00,,,,,,,,
2020-04-11,15:15,21.67,44.49,270.00,,,,,,6.00,10.00,,,,,,,,
2020-04-11,15:30,22.13,43.76,30.00,,,,,,9.00,9.00,,,,,,,,
2020-04-11,15:45,22.16,44.34,412.00,,,,,,8.00,11.00,,,,,,,,
2020-04-11,16:00,22.03,44.67,26.00,,,,,,9.00,10.00,,,,,,,,
2020-04-11,16:15,21.94,44.63,293.00,,,,,,9.00,10.00,,,,,,,,
2020-04-11,16:30,21.85,44.95,311.00,,,,,,9.00,11.00,,,,,,,,
2020-04-11,16:45,21.76,44.87,318.00,,,,,,6.00,10.00,,,,,,,,
2020-04-11,17:00,21.77,45.29,578.00,,,,,,8.00,10.00,,,,,,,,
2020-04-11,17:15,21.86,45.94,324.00,,,,,,5.00,11.00,,,,,,,,
2020-04-11,17:30,21.98,46.30,380.00,,,,,,5.00,10.00,,,,,,,,
2020-04-11,17:45,22.28,46.97,303.00,,,,,,5.00,10.00,,,,,,,,
2020-04-11,18:00,22.70,46.86,296.00,,,,,,5.00,10.00,,,,,,,,
2020-04-11,18:15,23.11,47.34,400.00,,,,,,5.00,12.00,,,,,,,,
2020-04-11,18:30,23.44,46.87,416.00,,,,,,5.00,10.00,,,,,,,,
2020-04-11,18:45,23.64,46.22,406.00,,,,,,4.00,10.00,,,,,,,,
2020-04-11,19:00,23.63,46.86,467.00,,,,,,3.00,12.00,,,,,,,,
2020-04-11,19:15,23.66,46.90,336.00,,,,,,8.00,10.00,,,,,,,,
2020-04-11,19:30,23.76,46.54,310.00,,,,,,5.00,10.00,,,,,,,,
2020-04-11,19:45,23.70,46.28,333.00,,,,,,4.00,10.00,,,,,,,,
2020-04-11,20:00,23.65,46.09,291.00,,,,,,4.00,11.00,,,,,,,,
2020-04-11,20:15,23.62,46.47,318.00,,,,,,3.00,13.00,,,,,,,,
2020-04-11,20:30,23.61,46.89,26.00,,,,,,13.00,14.00,,,,,,,,
2020-04-11,20:45,23.63,46.89,27.00,,,,,,11.00,15.00,,,,,,,,
2020-04-11,21:00,23.63,47.14,22.00,,,,,,6.00,19.00,,,,,,,,
2020-04-11,21:15,23.72,46.80,31.00,,,,,,12.00,19.00,,,,,,,,
2020-04-11,21:30,23.75,46.67,270.00,,,,,,17.00,19.00,,,,,,,,
2020-04-11,21:45,23.78,47.14,325.00,,,,,,9.00,19.00,,,,,,,,
2020-04-11,22:00,23.76,47.49,256.00,,,,,,10.00,13.00,,,,,,,,
2020-04-11,22:15,23.66,48.62,396.00,,,,,,4.00,12.00,,,,,,,,
2020-04-11,22:30,23.58,48.17,28.00,,,,,,3.00,5.00,,,,,,,,
2020-04-11,22:45,23.47,48.50,270.00,,,,,,2.00,4.00,,,,,,,,
2020-04-11,23:00,23.39,48.74,25.00,,,,,,2.00,3.00,,,,,,,,
2020-04-11,23:15,23.34,48.07,318.00,,,,,,2.00,4.00,,,,,,,,
2020-04-11,23:30,23.33,47.92,340.00,,,,,,2.00,2.00,,,,,,,,
2020-04-11,23:45,23.32,48.57,345.00,,,,,,2.00,2.00,,,,,,,,
2020-04-12,00:00,23.26,48.62,249.00,,,,,,2.00,2.00,,,,,,,,
2020-04-12,00:15,23.31,48.25,312.00,,,,,,2.00,2.00,,,,,,,,
2020-04-12,00:30,23.30,48.74,361.00,,,,,,2.00,4.00,,,,,,,,
2020-04-12,00:45,23.30,49.94,314.00,,,,,,2.00,3.00,,,,,,,,
2020-04-12,01:00,23.28,50.90,19.00,,,,,,2.00,2.00,,,,,,,,
2020-04-12,01:15,23.25,50.40,283.00,,,,,,2.00,2.00,,,,,,,,
2020-04-12,01:30,23.20,49.90,,,,,,,,,,,,,,,,
2020-04-12,01:45,23.23,50.24,406.00,,,,,,2.00,4.00,,,,,,,,
2020-04-12,02:00,23.20,50.44,327.00,,,,,,2.00,2.00,,,,,,,,
2020-04-12,02:15,23.24,50.63,419.00,,,,,,1.00,3.00,,,,,,,,
2020-04-12,02:30,23.16,49.72,23.00,,,,,,1.00,1.00,,,,,,,,
2020-04-12,02:45,23.07,49.32,223.00,,,,,,1.00,1.00,,,,,,,,
2020-04-12,03:00,23.02,49.60,312.00,,,,,,1.00,1.00,,,,,,,,
2020-04-12,03:15,23.02,50.50,340.00,,,,,,0.00,1.00,,,,,,,,
2020-04-12,03:30,22.98,50.79,26.00,,,,,,0.00,0.00,,,,,,,,
2020-04-12,03:45,22.92,50.73,27.00,,,,,,0.00,0.00,,,,,,,,
2020-04-12,04:00,22.82,50.52,27.00,,,,,,0.00,0.00,,,,,,,,
2020-04-12,04:15,,,,,,,,,,,,,,,,,,
2020-04-12,04:30,22.66,49.82,88.00,,,,,,0.00,0.00,,,,,,,,
2020-04-12,04:45,22.48,49.42,27.00,,,,,,0.00,0.00,,,,,,,,
2020-04-12,05:00,22.38,49.33,94.00,,,,,,0.00,0.00,,,,,,,,
2020-04-12,05:15,,,,,,,,,,,,,,,,,,
2020-04-12,05:30,22.24,49.04,22.00,,,,,,0.00,0.00,,,,,,,,
2020-04-12,05:45,22.12,48.80,83.00,,,,,,0.00,0.00,,,,,,,,
2020-04-12,06:00,22.01,48.54,22.00,,,,,,0.00,0.00,,,,,,,,
2020-04-12,06:15,,,,,,,,,,,,,,,,,,
2020-04-12,06:30,21.83,48.28,27.00,,,,,,0.00,0.00,,,,,,,,
2020-04-12,06:45,21.65,48.07,23.00,,,,,,0.00,0.00,,,,,,,,
2020-04-12,07:00,21.52,47.99,25.00,,,,,,0.00,0.00,,,,,,,,
2020-04-12,07:15,,,,,,,,,,,,,,,,,,
2020-04-12,07:30,21.41,47.67,27.00,,,,,,0.00,0.00,,,,,,,,
2020-04-12,07:45,21.29,47.57,25.00,,,,,,0.00,0.00,,,,,,,,
2020-04-12,08:00,21.14,47.60,25.00,,,,,,0.00,0.00,,,,,,,,
2020-04-12,08:15,,,,,,,,,,,,,,,,,,
2020-04-12,08:30,21.01,47.44,28.00,,,,,,0.00,0.00,,,,,,,,
2020-04-12,08:45,20.86,47.38,27.00,,,,,,0.00,0.00,,,,,,,,
2020-04-12,09:00,,,,,,,,,,,,,,,,,,
2020-04-12,09:15,20.82,47.17,355.00,,,,,,0.00,0.00,,,,,,,,
2020-04-12,09:30,21.10,45.86,31.00,,,,,,0.00,0.00,,,,,,,,
2020-04-12,09:45,21.12,45.54,23.00,,,,,,0.00,0.00,,,,,,,,
2020-04-12,10:00,21.01,45.68,20.00,,,,,,0.00,0.00,,,,,,,,
2020-04-12,10:15,20.87,45.96,21.00,,,,,,0.00,0.00,,,,,,,,
2020-04-12,10:30,20.78,45.99,23.00,,,,,,0.00,0.00,,,,,,,,
2020-04-12,10:45,21.14,45.02,34.00,,,,,,0.00,1.00,,,,,,,,
2020-04-12,11:00,21.19,44.57,22.00,,,,,,1.00,1.00,,,,,,,,
2020-04-12,11:15,21.04,44.87,22.00,,,,,,1.00,1.00,,,,,,,,
2020-04-12,11:30,20.93,45.44,27.00,,,,,,1.00,3.00,,,,,,,,
2020-04-12,11:45,20.88,45.65,26.00,,,,,,3.00,3.00,,,,,,,,
2020-04-12,12:00,,,,,,,,,,,,,,,,,,
2020-04-12,12:15,20.86,45.71,26.00,,,,,,2.00,3.00,,,,,,,,
2020-04-12,12:30,20.88,45.83,280.00,,,,,,2.00,4.00,,,,,,,,
2020-04-12,12:45,21.10,44.99,27.00,,,,,,2.00,6.00,,,,,,,,
2020-04-12,13:00,21.48,44.40,31.00,,,,,,4.00,11.00,,,,,,,,
2020-04-12,13:15,,,,,,,,,,,,,,,,,,
2020-04-12,13:30,21.41,45.19,237.00,,,,,,5.00,12.00,,,,,,,,
2020-04-12,13:45,21.46,45.88,389.00,,,,,,8.00,13.00,,,,,,,,
2020-04-12,14:00,21.47,46.29,,,,,,,,,,,,,,,,
2020-04-12,14:15,21.45,46.90,341.00,,,,,,8.00,11.00,,,,,,,,
2020-04-12,14:30,21.51,47.72,406.00,,,,,,7.00,10.00,,,,,,,,
2020-04-12,14:45,21.69,48.76,361.00,,,,,,7.00,9.00,,,,,,,,
2020-04-12,15:00,21.75,47.58,27.00,,,,,,7.00,8.00,,,,,,,,
2020-04-12,15:15,21.83,47.50,356.00,,,,,,5.00,9.00,,,,,,,,
2020-04-12,15:30,21.82,46.96,428.00,,,,,,7.00,12.00,,,,,,,,
2020-04-12,15:45,21.74,46.24,320.00,,,,,,8.00,10.00,,,,,,,,
2020-04-12,16:00,21.72,46.25,448.00,,,,,,8.00,10.00,,,,,,,,
2020-04-12,16:15,21.68,46.66,26.00,,,,,,8.00,9.00,,,,,,,,
2020-04-12,16:30,21.69,45.90,344.00,,,,,,6.00,10.00,,,,,,,,
2020-04-12,16:45,21.71,45.25,339.00,,,,,,5.00,7.00,,,,,,,,
2020-04-12,17:00,21.70,45.69,23.00,,,,,,4.00,7.00,,,,,,,,
2020-04-12,17:15,21.78,46.15,321.00,,,,,,4.00,4.00,,,,,,,,
2020-04-12,17:30,21.75,46.46,340.00,,,,,,3.00,6.00,,,,,,,,
2020-04-12,17:45,21.76,46.88,28.00,,,,,,5.00,6.00,,,,,,,,
2020-04-12,18:00,21.82,47.16,23.00,,,,,,6.00,7.00,,,,,,,,
2020-04-12,18:15,21.91,47.23,416.00,,,,,,6.00,13.00,,,,,,,,
2020-04-12,18:30,22.00,47.08,433.00,,,,,,6.00,11.00,,,,,,,,
2020-04-12,18:45,22.12,47.05,274.00,,,,,,8.00,10.00,,,,,,,,
2020-04-12,19:00,22.17,47.26,295.00,,,,,,6.00,11.00,,,,,,,,
2020-04-12,19:15,,,,,,,,,,,,,,,,,,
2020-04-12,19:30,22.20,47.69,346.00,,,,,,4.00,10.00,,,,,,,,
2020-04-12,19:45,22.21,48.02,24.00,,,,,,5.00,10.00,,,,,,,,
2020-04-12,20:00,22.23,47.93,184.00,,,,,,5.00,10.00,,,,,,,,
2020-04-12,20:15,22.23,47.54,29.00,,,,,,5.00,12.00,,,,,,,,
2020-04-12,20:30,22.23,47.34,27.00,,,,,,6.00,13.00,,,,,,,,
2020-04-12,20:45,22.23,47.41,25.00,,,,,,8.00,11.00,,,,,,,,
2020-04-12,21:00,,,,,,,,,,,,,,,,,,
2020-04-12,21:15,22.28,47.66,221.00,,,,,,10.00,14.00,,,,,,,,
2020-04-12,21:30,,,,,,,,,,,,,,,,,,
2020-04-12,21:45,22.55,47.98,448.00,,,,,,10.00,14.00,,,,,,,,
2020-04-12,22:00,22.70,48.02,326.00,,,,,,4.00,10.00,,,,,,,,
2020-04-12,22:15,22.73,49.09,323.00,,,,,,4.00,6.00,,,,,,,,
2020-04-12,22:30,22.84,48.41,311.00,,,,,,4.00,5.00,,,,,,,,
2020-04-12,22:45,23.00,48.89,273.00,,,,,,3.00,4.00,,,,,,,,
2020-04-12,23:00,23.09,51.83,,,,,,,,,,,,,,,,
2020-04-12,23:15,23.21,52.14,369.00,,,,,,2.00,4.00,,,,,,,,
2020-04-12,23:30,23.27,53.76,262.00,,,,,,2.00,4.00,,,,,,,,
2020-04-12,23:45,23.26,53.11,22.00,,,,,,2.00,2.00,,,,,,,,
2020-04-13,00:00,23.21,53.01,30.00,,,,,,2.00,2.00,,,,,,,,
2020-04-13,00:15,23.16,53.66,331.00,,,,,,2.00,4.00,,,,,,,,
2020-04-13,00:30,23.15,55.30,276.00,,,,,,2.00,2.00,,,,,,,,
2020-04-13,00:45,23.14,55.96,265.00,,,,,,2.00,2.00,,,,,,,,
2020-04-13,01:00,23.15,56.12,283.00,,,,,,2.00,4.00,,,,,,,,
2020-04-13,01:15,23.15,55.97,496.00,,,,,,2.00,4.00,,,,,,,,
2020-04-13,01:30,23.11,56.25,299.00,,,,,,2.00,4.00,,,,,,,,
2020-04-13,01:45,23.07,56.23,415.00,,,,,,2.00,4.00,,,,,,,,
2020-04-13,02:00,23.09,56.32,358.00,,,,,,2.00,3.00,,,,,,,,
2020-04-13,02:15,23.07,56.98,29.00,,,,,,2.00,2.00,,,,,,,,
2020-04-13,02:30,23.06,56.41,356.00,,,,,,2.00,4.00,,,,,,,,
2020-04-13,02:45,23.05,56.03,375.00,,,,,,2.00,2.00,,,,,,,,
2020-04-13,03:00,23.02,55.93,229.00,,,,,,1.00,2.00,,,,,,,,
2020-04-13,03:15,22.97,55.60,28.00,,,,,,1.00,1.00,,,,,,,,
2020-04-13,03:30,22.88,55.33,25.00,,,,,,1.00,1.00,,,,,,,,
2020-04-13,03:45,22.84,54.93,241.00,,,,,,0.00,1.00,,,,,,,,
2020-04-13,04:00,22.79,54.58,30.00,,,,,,0.00,0.00,,,,,,,,
2020-04-13,04:15,22.70,54.45,25.00,,,,,,0.00,0.00,,,,,,,,
2020-04-13,04:30,22.70,54.23,23.00,,,,,,0.00,0.00,,,,,,,,
2020-04-13,04:45,22.71,53.96,24.00,,,,,,0.00,0.00,,,,,,,,
2020-04-13,05:00,22.70,53.86,29.00,,,,,,0.00,0.00,,,,,,,,
2020-04-13,05:15,22.66,53.62,25.00,,,,,,0.00,0.00,,,,,,,,
2020-04-13,05:30,22.61,53.62,25.00,,,,,,0.00,0.00,,,,,,,,
2020-04-13,05:45,22.56,53.14,332.00,,,,,,0.00,1.00,,,,,,,,
2020-04-13,06:00,22.52,53.50,227.00,,,,,,0.00,0.00,,,,,,,,
2020-04-13,06:15,22.49,53.22,28.00,,,,,,0.00,0.00,,,,,,,,
2020-04-13,06:30,22.43,53.24,23.00,,,,,,0.00,0.00,,,,,,,,
2020-04-13,06:45,22.40,53.30,24.00,,,,,,0.00,0.00,,,,,,,,
2020-04-13,07:00,22.37,53.27,22.00,,,,,,0.00,0.00,,,,,,,,
2020-04-13,07:15,22.33,53.21,25.00,,,,,,0.00,0.00,,,,,,,,
2020-04-13,07:30,,,,,,,,,,,,,,,,,,
2020-04-13,07:45,22.22,53.40,27.00,,,,,,0.00,0.00,,,,,,,,
2020-04-13,08:00,,,,,,,,,,,,,,,,,,
2020-04-13,08:15,22.14,53.38,22.00,,,,,,0.00,0.00,,,,,,,,
2020-04-13,08:30,,,,,,,,,,,,,,,,,,
2020-04-13,08:45,22.05,53.67,96.00,,,,,,0.00,0.00,,,,,,,,
2020-04-13,09:00,,,,,,,,,,,,,,,,,,
2020-04-13,09:15,21.99,53.68,23.00,,,,,,0.00,0.00,,,,,,,,
2020-04-13,09:30,,,,,,,,,,,,,,,,,,
2020-04-13,09:45,21.92,53.15,28.00,,,,,,0.00,0.00,,,,,,,,
2020-04-13,10:00,21.85,52.99,20.00,,,,,,0.00,0.00,,,,,,,,
2020-04-13,10:15,21.80,52.85,27.00,,,,,,0.00,0.00,,,,,,,,
2020-04-13,10:30,,,,,,,,,,,,,,,,,,
2020-04-13,10:45,21.75,52.35,29.00,,,,,,0.00,0.00,,,,,,,,
2020-04-13,11:00,21.72,52.30,,,,,,,,,,,,,,,,
2020-04-13,11:15,21.70,52.28,22.00,,,,,,0.00,0.00,,,,,,,,
2020-04-13,11:30,21.66,51.82,24.00,,,,,,0.00,0.00,,,,,,,,
2020-04-13,11:45,21.66,51.71,30.00,,,,,,0.00,0.00,,,,,,,,
2020-04-13,12:00,,,,,,,,,,,,,,,,,,
2020-04-13,12:15,21.66,51.66,28.00,,,,,,0.00,0.00,,,,,,,,
2020-04-13,12:30,21.59,52.00,23.00,,,,,,0.00,0.00,,,,,,,,
2020-04-13,12:45,21.55,51.79,386.00,,,,,,0.00,0.00,,,,,,,,
2020-04-13,13:00,,,,,,,,,,,,,,,,,,
2020-04-13,13:15,21.54,51.96,29.00,,,,,,0.00,1.00,,,,,,,,
2020-04-13,13:30,,,,,,,,,,,,,,,,,,
2020-04-13,13:45,21.50,51.79,25.00,,,,,,0.00,2.00,,,,,,,,
2020-04-13,14:00,,,,,,,,,,,,,,,,,,
2020-04-13,14:15,21.52,55.93,280.00,,,,,,1.00,4.00,,,,,,,,
2020-04-13,14:30,21.47,57.61,343.00,,,,,,2.00,3.00,,,,,,,,
2020-04-13,14:45,21.56,54.84,421.00,,,,,,3.00,5.00,,,,,,,,
2020-04-13,15:00,21.60,54.18,202.00,,,,,,3.00,3.00,,,,,,,,
2020-04-13,15:15,21.58,53.90,659.00,,,,,,2.00,4.00,,,,,,,,
2020-04-13,15:30,21.67,54.58,25.00,,,,,,2.00,3.00,,,,,,,,
2020-04-13,15:45,21.62,54.71,324.00,,,,,,2.00,4.00,,,,,,,,
2020-04-13,16:00,21.56,54.76,360.00,,,,,,3.00,5.00,,,,,,,,
2020-04-13,16:15,21.68,55.13,430.00,,,,,,2.00,5.00,,,,,,,,
2020-04-13,16:30,21.59,55.03,274.00,,,,,,2.00,4.00,,,,,,,,
2020-04-13,16:45,21.57,55.97,343.00,,,,,,3.00,6.00,,,,,,,,
2020-04-13,17:00,21.58,55.50,275.00,,,,,,3.00,6.00,,,,,,,,
2020-04-13,17:15,21.66,55.35,348.00,,,,,,4.00,7.00,,,,,,,,
2020-04-13,17:30,21.67,55.10,328.00,,,,,,3.00,4.00,,,,,,,,
2020-04-13,17:45,21.71,55.10,362.00,,,,,,3.00,4.00,,,,,,,,
2020-04-13,18:00,21.75,55.05,337.00,,,,,,2.00,4.00,,,,,,,,
2020-04-13,18:15,21.72,55.37,423.00,,,,,,4.00,4.00,,,,,,,,
2020-04-13,18:30,21.73,55.66,534.00,,,,,,2.00,4.00,,,,,,,,
2020-04-13,18:45,21.77,55.57,376.00,,,,,,3.00,4.00,,,,,,,,
2020-04-13,19:00,21.83,56.20,471.00,,,,,,3.00,4.00,,,,,,,,
2020-04-13,19:15,21.93,56.26,300.00,,,,,,3.00,3.00,,,,,,,,
2020-04-13,19:30,22.04,56.68,329.00,,,,,,3.00,4.00,,,,,,,,
2020-04-13,19:45,22.19,57.42,21.00,,,,,,3.00,4.00,,,,,,,,
2020-04-13,20:00,22.33,56.99,26.00,,,,,,3.00,4.00,,,,,,,,
2020-04-13,20:15,22.41,57.01,327.00,,,,,,2.00,5.00,,,,,,,,
2020-04-13,20:30,22.38,56.27,55.00,,,,,,3.00,5.00,,,,,,,,
2020-04-13,20:45,,,,,,,,,,,,,,,,,,
2020-04-13,21:00,22.29,56.76,29.00,,,,,,2.00,3.00,,,,,,,,
2020-04-13,21:15,22.23,56.56,25.00,,,,,,3.00,4.00,,,,,,,,
2020-04-13,21:30,22.15,56.84,29.00,,,,,,2.00,3.00,,,,,,,,
2020-04-13,21:45,,,,,,,,,,,,,,,,,,
2020-04-13,22:00,22.09,56.91,30.00,,,,,,3.00,15.00,,,,,,,,
2020-04-13,22:15,22.12,57.57,313.00,,,,,,6.00,10.00,,,,,,,,
2020-04-13,22:30,22.13,58.38,327.00,,,,,,3.00,8.00,,,,,,,,
2020-04-13,22:45,22.06,58.38,319.00,,,,,,2.00,3.00,,,,,,,,
2020-04-13,23:00,22.06,58.97,202.00,,,,,,3.00,3.00,,,,,,,,
2020-04-13,23:15,22.09,59.61,305.00,,,,,,2.00,5.00,,,,,,,,
2020-04-13,23:30,22.17,60.29,343.00,,,,,,2.00,4.00,,,,,,,,
2020-04-13,23:45,22.27,65.46,357.00,,,,,,2.00,6.00,,,,,,,,
2020-04-14,00:00,22.20,69.08,259.00,,,,,,2.00,2.00,,,,,,,,
2020-04-14,00:15,22.39,66.24,333.00,,,,,,2.00,2.00,,,,,,,,
2020-04-14,00:30,22.58,69.14,22.00,,,,,,2.00,2.00,,,,,,,,
2020-04-14,00:45,22.76,69.77,401.00,,,,,,2.00,4.00,,,,,,,,
2020-04-14,01:00,22.92,68.26,334.00,,,,,,2.00,4.00,,,,,,,,
2020-04-14,01:15,22.96,67.29,213.00,,,,,,3.00,4.00,,,,,,,,
2020-04-14,01:30,23.04,67.35,322.00,,,,,,2.00,4.00,,,,,,,,
2020-04-14,01:45,23.05,67.13,28.00,,,,,,2.00,2.00,,,,,,,,
2020-04-14,02:00,23.07,66.76,523.00,,,,,,2.00,4.00,,,,,,,,
2020-04-14,02:15,23.13,66.00,272.00,,,,,,2.00,2.00,,,,,,,,
2020-04-14,02:30,23.12,65.84,101.00,,,,,,2.00,2.00,,,,,,,,
2020-04-14,02:45,23.15,65.07,383.00,,,,,,2.00,4.00,,,,,,,,
2020-04-14,03:00,23.12,64.59,288.00,,,,,,2.00,2.00,,,,,,,,
